Feature ID	Taxon	Confidence
#q2:types	categorical	categorical
4ccb7bcd242ba2cc92cddf2375f138bd	Chordata;Actinopteri;Uranoscopiformes;Pinguipedidae;Parapercis;Parapercis allporti	0.9996664659774417
9377e0efdc0899314a5179a5c1694a02	Unassigned	0.38222174827113364
dab64f71ff4337869feede6054c75db8	Arthropoda	0.8612819500799364
7465bffbe6c13bf9a9dda19262bc8c2b	Chordata;Actinopteri;Perciformes;Congiopodidae;Congiopodus;Congiopodus peruvianus	0.9999992463898904
4f189e6ac8446def0bbea6c6b2aeebc2	Chordata;Actinopteri;Argentiniformes	0.9799027513389227
ac7e66d3df1f136b12a60bcff6d75d57	Chordata;Actinopteri;Perciformes;Congiopodidae;Congiopodus;Congiopodus peruvianus	0.9999981879428153
d123add30b1a345e6632926404d2f44d	Chordata;Actinopteri;Centrarchiformes;Cheilodactylidae	0.9999902283520419
c414e15b8ec313bbb88d9bb786bf231a	Chordata;Actinopteri;Perciformes;Congiopodidae;Congiopodus;Congiopodus peruvianus	0.9999991313469045
711469b82104d4f778896283d364e718	Chordata;Actinopteri;Perciformes;Congiopodidae;Congiopodus;Congiopodus peruvianus	0.9999976422364028
d71ebfc51d359d292ade1976030d7db4	Chordata;Actinopteri;Perciformes;Congiopodidae;Congiopodus;Congiopodus peruvianus	0.9999997708291467
2e6f116b9dfb8eb621b1b807221e3da4	Chordata;Actinopteri;Argentiniformes	0.9864688188107974
7c1ce9a7daacbc8ea76338d6ffc5a8bb	Chordata;Actinopteri;Uranoscopiformes;Pinguipedidae;Parapercis;Parapercis allporti	0.9854177771872564
0e97383ba879a5b249570efaa139daaa	Unassigned	0.41845566112770594
7a7a4409e654531af200a65f5f2f92db	Unassigned	0.3017282417969491
f0fc59a8ebb2eb4acc5d99634b7315a5	Chordata;Actinopteri;Argentiniformes	0.984199665672898
cc67df54d358c4a996317e5def84b23c	Unassigned	0.4609184338830826
740980326295b86af4f0a4f6d2403748	Chordata;Actinopteri;Argentiniformes	0.9837112115622061
77663f10a5c65e289d971143b63d0185	Annelida;Polychaeta;Phyllodocida;Nereididae;Perinereis	0.9795863485990242
4ff374fda4c56df708b8db9faaa77f3f	Chordata	0.7055205365789265
78a7e00e561d0701131d0ab450dcfd93	Unassigned	0.5333788828820107
969532cf441be3803227779033670673	Chordata;Actinopteri;Perciformes;Triglidae;Lepidotrigla;Lepidotrigla papilio	0.9497507392538647
a28f90288eea0d0e314e2ae2fab38f79	Chordata;Actinopteri;Perciformes;Congiopodidae;Congiopodus;Congiopodus peruvianus	0.9999998354745394
f8c97da822f6c1996be48cf28a00ea59	Chordata;Actinopteri;Blenniiformes;Tripterygiidae;Forsterygion;Forsterygion lapillum	0.999936033944202
e3756698771437d219362627c5304599	Chordata;Actinopteri;Argentiniformes	0.9814591412596775
3e0702c27f15d30dfe9b77e10ea7b8a4	Chordata;Actinopteri;Uranoscopiformes;Pinguipedidae;Parapercis;Parapercis allporti	0.9992903659856455
0de7251a81c1986a89f8761d4d06e1a6	Arthropoda;Insecta	0.8679745025840911
b02ff4ce1f3290a99aa2c93283634046	Chordata;Actinopteri;Perciformes;Congiopodidae;Congiopodus;Congiopodus peruvianus	0.9999992529940674
a610a14e01b73c7fe1310ba0508a4572	Chordata;Actinopteri;Perciformes;Sebastidae;Helicolenus	0.8723781758943328
c2605c28f7f74b4b7b5405e31c9027c4	Chordata;Actinopteri;Clupeiformes;Clupeidae;Sprattus;Sprattus antipodum	0.985791080003927
bb1c29bded4ecefbbf58f844d084354c	Chordata;Actinopteri;Uranoscopiformes;Pinguipedidae;Parapercis;Parapercis allporti	0.9986416002611864
6ea23aec97fbc4c8ae31a3531ccf33ec	Chordata;Aves;Sphenisciformes;Spheniscidae;Megadyptes;Megadyptes antipodes	0.9999968001041035
f054be18f74c61a3263508fa2195b8d1	Unassigned	0.5271808381866661
e2b213de9808884162edcf939214c868	Chordata;Actinopteri;Perciformes;Congiopodidae;Congiopodus;Congiopodus peruvianus	0.9999994720589002
c835bab633b4f2d4077973da7cca7577	Chordata;Actinopteri;Uranoscopiformes;Pinguipedidae;Parapercis;Parapercis allporti	0.9998671518430209
e78e271f0afc64da1d2ec2c65bed5763	Chordata;Actinopteri;Uranoscopiformes;Pinguipedidae;Parapercis;Parapercis allporti	0.9997206020455561
7034c7a99934bdfb8ef5c17dabf349f1	Chordata;Actinopteri;Argentiniformes	0.9873428920199337
ed0b37e8cd0a9f4d58411e49db1bfc50	Chordata;Actinopteri;Perciformes;Congiopodidae;Congiopodus;Congiopodus peruvianus	0.9999981630884025
5567d2c9555a034e3b910af2a63b50cf	Arthropoda;Insecta;Diptera;Anisopodidae;Sylvicola;Sylvicola fenestralis	0.9892572310256306
c756b076f6b56f53bc62836842ccaabc	Unassigned	0.9671063516812114
c4cd53da058e7c22429442292c8b0337	Unassigned	0.47051662963083096
6cd13ceb2bda73f59e2ebd8b53c21714	Chordata;Actinopteri;Uranoscopiformes;Pinguipedidae;Parapercis;Parapercis allporti	0.9998670511094224
f01de4b0ded585ddfd2f36cea0f5ad28	Chordata;Actinopteri;Perciformes;Congiopodidae;Congiopodus;Congiopodus peruvianus	0.9999993796649355
e7b4704daaaec63d0410a7d9702192d2	Chordata;Actinopteri;Argentiniformes;Microstomatidae	0.8388796004133556
be894b4c066af83b5feff5c37e43f4ad	Chordata;Actinopteri;Argentiniformes	0.9838628965841193
61ae49de52f51c8dc693cf75cf08a4b3	Mollusca;Cephalopoda;Teuthida;Ommastrephidae;Nototodarus	0.9999994301049174
849af435a77d9839a8cc1a28488b2484	Chordata;Actinopteri;Uranoscopiformes;Pinguipedidae;Parapercis;Parapercis allporti	0.9998239560829216
93c80e3a7c9cc8981c47a276c2f48431	Chordata;Actinopteri;Perciformes;Sebastidae;Helicolenus	0.8683061903966192
d370e6d0a5dc56560eaf7fcbf6ecfe47	Arthropoda;Insecta	0.770541669148992
a6bcd0fd2b36e3dadab479b517b1f01b	Chordata;Actinopteri;Perciformes;Congiopodidae;Congiopodus;Congiopodus peruvianus	0.9999997949472782
53b549302d0a16c9b44be248725c3f42	Chordata;Actinopteri;Uranoscopiformes;Pinguipedidae;Parapercis;Parapercis allporti	0.9981199315565973
3ce1a130e0c7b10191b5c1f7ccc6631a	Arthropoda;Hexanauplia;Sessilia;Balanidae;Balanus;Balanus sp. 4 MPL-2014	0.9994786192127733
7ae05cc77f0f4937e230293efe400ed7	Unassigned	0.9128462246135951
60127f7261e3b7805b389173cc56b6c1	Unassigned	0.375113588150749
3999de873c92ef72a3e34d8a20066b34	Chordata;Actinopteri;Perciformes;Congiopodidae;Congiopodus;Congiopodus peruvianus	0.9999994171698312
1674a19f2dd0c2237c728189983e3a30	Chordata;Actinopteri;Perciformes;Congiopodidae;Congiopodus;Congiopodus peruvianus	0.9999997270488112
254b1025528a29db84154c7f05ee04be	Chordata;Actinopteri;Uranoscopiformes;Pinguipedidae;Parapercis;Parapercis allporti	0.9998608759572712
a7b9836a76f7f7e60706405be7b61f1d	Arthropoda;Insecta	0.9967730212430965
5e5565c518b83ae700509f33292a39cb	Chordata;Actinopteri;Argentiniformes	0.9795038937626043
44b43ef57005c1574b0504236731a4a0	Chordata;Actinopteri	0.9987850819506875
67630e7991b0fd364b32efd01cea3010	Unassigned	0.3134063587268968
ecbda590a190ab36a010b7caf0df76f4	Chordata;Actinopteri;Perciformes;Congiopodidae;Congiopodus;Congiopodus peruvianus	0.9999994823377055
c881e06c8e148fc8d30ce72e3faf9e1b	Unassigned	0.3521770565097603
f23a7f4b8b733074e12f46212f3bec47	Chordata;Actinopteri;Argentiniformes;Microstomatidae	0.7177114418817093
ed50367003d63a7061827cad5c9cda09	Chordata	0.7761139715588719
b1e124ce04383c1cbbd01501fa606f72	Arthropoda;Insecta;Siphonaptera;Pulicidae;Ctenocephalides;Ctenocephalides felis	0.8207176460541786
120cf0575f9238ae14b29568df14e5f7	Unassigned	0.8627379447522057
758238ae912aeacd3bc100c57d166440	Chordata;Actinopteri;Argentiniformes	0.9784149060016185
27ea5c21870ceff21d365b5616075fb4	Unassigned	0.3569387380758835
84541a8f08069cc49b9419bc58392e9c	Unassigned	0.8416577715870022
1708f34f77365a117dd2eccdff3245ef	Unassigned	0.43059633871116376
3988df78d434fd22dc3b294210b1df33	Chordata;Actinopteri;Gadiformes;Moridae;Pseudophycis	0.9999917529767998
229601e620c77e1a320f2753c0e1f3d9	Chordata;Actinopteri;Uranoscopiformes;Pinguipedidae;Parapercis;Parapercis allporti	0.9982835465457283
2e165d15d35dbcfb53bc80d80377cd6b	Unassigned	0.36175268787002746
1d33a104a6b24a1909906ea5b4486218	Chordata;Actinopteri;Argentiniformes	0.9896095499298292
0590286bc0acdc7b6d3a2ed9fd53cb97	Chordata;Actinopteri;Argentiniformes;Argentinidae;Argentina	0.7175128168083973
d2a44a419c9ff5cc53eaefea0d08ec64	Chordata;Actinopteri;Uranoscopiformes;Pinguipedidae;Parapercis;Parapercis allporti	0.998949372896542
785b90a33ceef8c7c214ee710fe30f5c	Chordata;Actinopteri;Gadiformes;Moridae;Pseudophycis;Pseudophycis barbata	0.99999999999973
90eb6f7330e6af23da8ff5c3f6dc5d52	Chordata;Actinopteri;Uranoscopiformes;Pinguipedidae;Parapercis;Parapercis allporti	0.9999854435134287
624434a638b159b61855061daa5d174f	Unassigned	0.4111312458014843
dc78cae0bf7d94449744f222c4807014	Chordata;Actinopteri;Argentiniformes	0.9590571337593963
68f2818f661811fa9b36277093a183cb	Chordata;Actinopteri;Uranoscopiformes;Pinguipedidae;Parapercis;Parapercis allporti	0.9998602088523082
115245292cfa0312be97b638f77ed53e	Mollusca;Cephalopoda;Teuthida	0.7625319062158193
c343d9cd1310d7e8e19850310bc4450c	Chordata;Actinopteri;Argentiniformes	0.9886162539929731
4b484f0fab6a6380e06626cd1aea2534	Arthropoda;Insecta	0.7649840632909751
b19f5ee45edfea67beafd9f5ff355dca	Unassigned	0.3768089111597597
c7015a88509b7b0e11ad306d78701db1	Unassigned	0.365390851619005
c728625ab3c20ab0b10c1ccfa0ab60ba	Chordata;Actinopteri;Perciformes;Congiopodidae;Congiopodus;Congiopodus peruvianus	0.9999995552639399
8cf908ca7a693799e2c62f660c66cb44	Chordata;Actinopteri;Uranoscopiformes;Pinguipedidae;Parapercis;Parapercis allporti	0.9995028706998865
d01d9a42b74ea0a2f358d414815a207a	Chordata;Aves;Sphenisciformes;Spheniscidae;Megadyptes;Megadyptes antipodes	0.999999479233488
b6576366f96b0053efc06061cbf3d08c	Unassigned	0.3844407773034739
ad860c5ebc1ecace4e53b6f21df0473b	Chordata;Actinopteri;Centrarchiformes;Cheilodactylidae	0.9999981402644579
be20fc278054ad14487ec5cac1c7888b	Chordata;Actinopteri;Uranoscopiformes;Pinguipedidae;Parapercis;Parapercis allporti	0.9986263558521319
36380da7de4547cbb76f6431595e33b4	Unassigned	0.36465941594574613
3ffd5e2e514974d23fed9782ff3d8eb4	Chordata;Actinopteri;Perciformes;Congiopodidae;Congiopodus;Congiopodus peruvianus	0.9999995650333866
157a153963703bcc35334bc6cd3a67fa	Arthropoda;Insecta;Coleoptera	0.7108402569093973
29c7f33a7101fba1b2bf65df5158d87d	Unassigned	0.35902613161166863
218c387b71b354de5cfa82835e916d54	Unassigned	0.37378979752481956
9fbf08ce79ce8dea6fd16b5e7125efad	Chordata;Actinopteri;Uranoscopiformes;Pinguipedidae;Parapercis;Parapercis allporti	0.9976689912092643
5fe611cf5db70d381d61e32f16caed36	Arthropoda;Insecta;Coleoptera;Staphylinidae;Stenomalium;Stenomalium helmsi	0.8903801466835635
e9974f0b9fbc8baf89b1d91c85ba1ab8	Chordata;Actinopteri;Perciformes;Congiopodidae;Congiopodus;Congiopodus peruvianus	0.9999994831544029
b715f056744d9d802d90a7527b51b75e	Unassigned	0.36961284577520936
03ae4c043dbc08c54232609e11376218	Chordata;Actinopteri;Centrarchiformes;Cheilodactylidae	0.9999990497778348
85a21755b8b331a1eb33b539d40ff246	Unassigned	0.3233217746277739
68bee309b20feb93fbe1cd5a85c78d13	Chordata;Actinopteri;Argentiniformes	0.9821393085871994
995fe7c04c1b714f08a710222c736982	Chordata;Actinopteri;Perciformes;Congiopodidae;Congiopodus;Congiopodus peruvianus	0.9999985234824706
cddbba860d7023a35719fc83a262dbc0	Chordata;Actinopteri;Centrarchiformes;Cheilodactylidae	0.9999992457729668
052c183c72f908d24ba952c87ab976b1	Unassigned	0.8619312005760804
0ff39456dafc910d59a46cfba1d6636c	Chordata;Actinopteri;Uranoscopiformes;Pinguipedidae;Parapercis;Parapercis allporti	0.9989238556727245
9d2238844324853c2bf4731548ff0c20	Unassigned	0.3530031465638682
386189d4b6a934fcf3de0a2e1e7bcd99	Chordata;Actinopteri;Uranoscopiformes;Pinguipedidae;Parapercis;Parapercis allporti	0.9998168834011162
5422c74995ccf6ca5909077f4aca4cc2	Unassigned	0.749206895564567
3a65053a0b45f50a29d50f120a2c51aa	Chordata;Actinopteri;Argentiniformes	0.8477921160807897
9efac90fbbc2043cb0a163f33082b4ca	Chordata;Actinopteri;Perciformes;Congiopodidae;Congiopodus;Congiopodus peruvianus	0.9999873681377693
9799169e48b9ebe085b42e2f06015ab1	Unassigned	0.4304916892970957
e1db43f1bf0df196d2fefb55c5418b11	Chordata;Actinopteri;Uranoscopiformes;Pinguipedidae;Parapercis;Parapercis allporti	0.9999547475545848
d91c26c6fb361f424d5829f9c4466b55	Mollusca;Cephalopoda;Teuthida;Ommastrephidae;Nototodarus	0.9999998712646228
90ae3f30ad096646b1d2b8c6fed1c53a	Arthropoda	0.7221557415353724
5e53c5b34435c58898756093d5167ed4	Chordata;Actinopteri;Uranoscopiformes;Pinguipedidae;Parapercis;Parapercis allporti	0.9999253082051156
7a2c3db9e31c6514a5252ac648e504d5	Chordata;Aves;Sphenisciformes;Spheniscidae;Megadyptes;Megadyptes antipodes	0.9999999128934756
6931bf3c0af943587dc40f2b7a097d0c	Chordata;Mammalia;Insectivora;Erinaceidae;Erinaceus;Erinaceus europaeus	1.0
056eea46237c72d6bc1353f2536140d9	Chordata;Aves;Sphenisciformes;Spheniscidae;Megadyptes;Megadyptes antipodes	0.9999997055531231
9778ad495aa1b40a64716a880bfcd0c0	Chordata	0.7422793378507562
3a46a027360c6c9e647623188942345a	Unassigned	0.36468769623114716
fec9fc494adcc3bb00397a776826564a	Arthropoda;Arachnida;Araneae	0.9964514640602788
0d10be620743f57c76b062f3d4de390e	Chordata;Actinopteri;Clupeiformes;Clupeidae;Sprattus;Sprattus muelleri	0.9984115976051489
fd9a2a603f2686fe993fa078ff399818	Unassigned	0.3092395271624634
ed6a5f196e8a827d08989b09225a0115	Unassigned	0.5708940154163782
94d49c6e0227154bf24ed9761c4bace4	Chordata;Aves;Sphenisciformes;Spheniscidae;Megadyptes;Megadyptes antipodes	0.9999961486312243
7279e6509519ddbd996a698971998588	Unassigned	0.9505005075398089
e3a1dcef8d7a347c7d4f2c7493b1e476	Chordata;Actinopteri;Perciformes;Congiopodidae;Congiopodus;Congiopodus peruvianus	0.9999682998919385
5df5f68f2dc645fd514940fa2159f700	Unassigned	0.3583943945573326
0b0a13eb07487c01a6d1a68a8648acc3	Unassigned	0.3775708864464675
324f18c67fd4eb9c983acea9262939c3	Unassigned	0.9380968193373188
5b97cc5a073bee8141a08b5afd772343	Chordata	0.7040851166050183
b2632c28ec6bcf45b4b24eb2fc2ca628	Chordata;Actinopteri;Argentiniformes;Microstomatidae	0.7141065384753374
bc01cd12ee7067dbf4b47676d33e43f8	Unassigned	0.3644025364113759
3c29d3763598cf7dcd0a5debbfe850aa	Chordata;Actinopteri;Uranoscopiformes;Pinguipedidae;Parapercis;Parapercis allporti	0.9999468850676084
3c5f6d8be4be5a6b9e914cdf9f2012b6	Chordata;Actinopteri;Argentiniformes	0.9810259725315538
fe48cce682687d6112231063d6a9b201	Arthropoda	0.7037266385394599
dabb760006c2da0f151ac9428b5ad9b6	Chordata;Actinopteri;Perciformes;Congiopodidae;Congiopodus;Congiopodus peruvianus	0.9999998570003714
9f70029924d6d510a408af5f26db0f95	Chordata;Actinopteri;Gadiformes;Gadidae;Micromesistius;Micromesistius poutassou	0.8627285947655781
b71e8549dbd33fc3af27ccbc0d82dc71	Chordata;Amphibia;Anura;Pipidae;Xenopus;Xenopus laevis	0.9999994421168588
0b5a8d060536c268158ddc64b55095e1	Chordata;Actinopteri;Uranoscopiformes;Pinguipedidae;Parapercis;Parapercis allporti	0.9998595868324147
ae88c7415135d62dfc21dbb4997b5f24	Unassigned	0.8189994813312531
691ad7f3c4cff0270c6359c525e9ae81	Mollusca;Cephalopoda;Octopoda;Argonautidae;Argonauta;Argonauta nodosa	0.9999999999856186
5803e3749ece835bdc2b3efe8d8a524e	Chordata;Actinopteri;Argentiniformes	0.9826215465087257
0cde2a5e1b93539a2a601c2831c16d58	Unassigned	0.3614912983532107
73ace88bc60305d8e1369d235587f0c9	Nemertea;Pilidiophora;Heteronemertea;Lineidae;Micrura	0.9977843976971867
c745e887fac1c8636dd9c60b8a31f4a0	Chordata;Actinopteri;Argentiniformes	0.9794966097488866
48fa18a2545f8a210dced9efd47683e2	Unassigned	0.3623930430235148
8373d9a0394272e30a2cd5e95b86626d	Chordata;Actinopteri;Argentiniformes	0.987095652332211
2677397bceac020afb77e74444f7f763	Mollusca;Cephalopoda;Teuthida;Octopoteuthidae	0.9999726801424021
02839ab8f07e30159cac811f20eec74d	Annelida;Polychaeta;Phyllodocida;Nephtyidae;Aglaophamus;Aglaophamus sp. MB4	0.9948351249170333
4261c47dde487239bc62bbf39c2747ab	Chordata;Mammalia;NA;Bovidae;Ovis;Ovis aries	0.9801190161037111
3ec580087af8d002e01a958cfb6aa98e	Chordata;Aves;Sphenisciformes;Spheniscidae;Megadyptes;Megadyptes antipodes	0.9999998747958408
4ff08d3bd38289d68ad284a0992506cf	Chordata;Aves;Sphenisciformes;Spheniscidae;Megadyptes;Megadyptes antipodes	0.9999999076733175
b32013039ff6470d77537a6a8f2254e4	Unassigned	0.41065460732286196
1309700114a2dd81d72d3162a0e2e793	Chordata;Actinopteri;Argentiniformes;Argentinidae;Argentina	0.7228073159595332
0793b851f55bc8813456db7b140dd553	Chordata;Aves;Sphenisciformes;Spheniscidae;Megadyptes;Megadyptes antipodes	0.9999999142625492
fdde0a62a6bf5f914deabc5329695178	Chordata;Actinopteri;Uranoscopiformes;Pinguipedidae;Parapercis;Parapercis allporti	0.9997441449438982
a73e4c28a86af7858de2a7dda99b1026	Unassigned	0.5112618689987689
31d18e65a279bd7b52305c6cd2611b8f	Chordata;Actinopteri;Uranoscopiformes;Pinguipedidae;Parapercis;Parapercis allporti	0.9998147349174884
e5134e8a8ee59a94c4b4a543977a1e77	Chordata;Actinopteri;Uranoscopiformes;Pinguipedidae;Parapercis;Parapercis allporti	0.9999371468623974
116235b7ffe8170e16772d7d00c54c9e	Unassigned	0.3775033496301494
748c4fbbc9d964f4e23d1f257fb0dc71	Chordata;Actinopteri;Perciformes;Congiopodidae;Congiopodus;Congiopodus peruvianus	0.9999994812570416
5a7a4fc00f7565d8613619cccdd68dbc	Unassigned	0.348932784402855
25d6161fe76666e7bac902dc03ae03e9	Chordata;Actinopteri;Uranoscopiformes;Pinguipedidae;Parapercis;Parapercis allporti	0.9998275909620323
09e16a7d03f04f54fb0cc2c78cae7742	Unassigned	0.3883184159330503
363539edc4e9139019892caa763db139	Mollusca;Cephalopoda;Octopoda;Octopodidae;Enteroctopus;Enteroctopus megalocyathus	0.9986291383678926
65f539a2342a8b24677a39dff97ce7b0	Unassigned	0.9843607426911276
7c280cc1d671bfbddef26a2da2f2752f	Unassigned	0.4017987414333971
141854ce1d4d82f6bc47b52c541b8573	Arthropoda;Insecta;Coleoptera;Staphylinidae;Stenomalium;Stenomalium helmsi	0.9999044350198513
ca0e4db044b531dd5c075ecda3232596	Chordata;Actinopteri;Argentiniformes	0.9619273420531134
f56a20bb9eb1de9584d91ad4a0ac5e93	Unassigned	0.35718202632237983
70df2d5985719d2d5c25dec8da09a3af	Chordata;Actinopteri;Argentiniformes	0.8347961055005675
b7a965def8f98752d48bcda71454700f	Chordata;Actinopteri;Uranoscopiformes;Pinguipedidae;Parapercis;Parapercis allporti	0.999908659131599
951c6c781b98de6e177fc3653d02e303	Chordata;Actinopteri;Uranoscopiformes;Pinguipedidae;Parapercis;Parapercis allporti	0.9996556264827156
0f263e9993b247d1cf9a6cef6a81700e	Chordata;Actinopteri;Gadiformes;Moridae;Lepidion;Lepidion capensis	0.8911611852832094
f238a6a29c344edf8545241085e8e2e7	Unassigned	0.37310850547562
613cc9bfe7c9df42de27af3ee580589c	Unassigned	0.5000944551428322
8607f5345332feab395f5685b420eeb1	Chordata;Actinopteri;Argentiniformes	0.985727687221597
3f95c33c39dff3e7727057e231e30182	Chordata;Mammalia;NA;Suidae;Sus;Sus scrofa	0.9977441135423252
a8d0dc4f655e4de1736d377e1d03d3f4	Chordata;Actinopteri;Argentiniformes;Microstomatidae;Nansenia	0.7559883683652538
1c11b10c2200a986ab27e65a95d2532a	Arthropoda;Insecta;Lepidoptera	0.9379850279152758
f0238898026e0f06ae5514b153266146	Arthropoda	0.8659589511607959
bc45bf7be54938c1b10a424acae9901c	Chordata;Actinopteri;Argentiniformes;Argentinidae;Argentina	0.8511791243697557
f4c8cadf5d98fd27e1a445665c07f4c8	Chordata;Actinopteri;Uranoscopiformes;Pinguipedidae;Parapercis;Parapercis allporti	0.9998870099164952
dedd6c192e0c62bd4a6c1ff9be32ee82	Chordata;Actinopteri;Perciformes;Congiopodidae;Congiopodus;Congiopodus peruvianus	0.999998763378298
a1220e19945a7c10a6341f8caae39fa9	Chordata;Actinopteri;Perciformes;Congiopodidae;Congiopodus;Congiopodus peruvianus	0.9999987483177808
cac00cde214311d60663b394135eefef	Arthropoda;Insecta;Coleoptera;Staphylinidae;Stenomalium;Stenomalium helmsi	0.959310011631215
982c7391f210a0cc70b2f10ba81ee582	Arthropoda	0.7102186355710226
4f6774153277f07cf5e4ef9eb7531421	Chordata;Actinopteri;Uranoscopiformes;Pinguipedidae;Parapercis;Parapercis allporti	0.9997411885740913
17c27a03a0364562d41037b72dd889ad	Chordata;Actinopteri;Uranoscopiformes;Pinguipedidae;Parapercis;Parapercis allporti	0.9992306394821782
99cc83fd65f050f2f8b8e7ce22443e51	Arthropoda;Insecta;Coleoptera;Staphylinidae;Stenomalium;Stenomalium helmsi	0.9829030411285646
e8d3ab0a32c5bfe27e887ee0ee57f9fc	Chordata;Actinopteri;Argentiniformes;Argentinidae;Argentina;Argentina sialis	0.7228051776141913
43eddade1a9dd732467385f705e05e13	Chordata;Aves;Passeriformes;Zosteropidae;Zosterops;Zosterops japonicus	0.9998436039660648
674b367fa0784358feb8b96547bc3665	Unassigned	0.3390578173299562
ef55139bc29caf52a8b1b63432a94504	Chordata;Actinopteri;Scombriformes;Centrolophidae;Seriolella;Seriolella brama	0.8345851076003691
cbfe39ef9b1a6919008f292263ed15a5	Chordata;Actinopteri;Argentiniformes	0.9849717654802561
c677bf9e6e21c5fb027902f3bb49f85d	Unassigned	0.3853475695629863
4726c294ada5449387911005916e7efa	Chordata;Actinopteri;Syngnathiformes;Syngnathidae;Hippocampus;Hippocampus abdominalis	0.9999999998888285
0a9599b1e2bdb3b21d36f9a6d68d8545	Unassigned	0.3545964172309357
847b26775a9285ef133bd55572cfaf2e	Chordata;Actinopteri;Perciformes;Congiopodidae;Congiopodus;Congiopodus peruvianus	0.9999871160250755
ea37856359a24a7f643a027c270d8d06	Chordata;Actinopteri;Perciformes;Congiopodidae;Congiopodus;Congiopodus peruvianus	0.999993800903583
f6a1e3718e1bc98f56f620923a0fc061	Chordata;Actinopteri;Perciformes;Congiopodidae;Congiopodus;Congiopodus peruvianus	0.9999995631022318
a428eb8694ee26e0e4071fa5f0509ef6	Chordata;Mammalia;Primates;Hominidae;Homo;Homo sapiens	0.7065639022534965
09446621cc4c9e98f40b8bd3cc1e526e	Chordata;Actinopteri;Argentiniformes	0.9864911225595719
50bb5d8ec151dd7579da4ec9c1a3bca0	Mollusca;Cephalopoda;Teuthida;Cranchiidae;Teuthowenia;Teuthowenia megalops	0.9983392357092072
f5527cfce295592b0e46c16e55fd6fcd	Unassigned	0.3967610655456637
740c1040b66230adb166e8581a136cc9	Chordata;Actinopteri;Centrarchiformes;Cheilodactylidae	0.999999115501538
945df54a8048d17965802efd2517fa08	Chordata;Actinopteri;Uranoscopiformes;Pinguipedidae;Parapercis;Parapercis allporti	0.9996215376023049
d708fb6849bb6fa1a3d5aaed17d2ca64	Unassigned	0.43369577861462516
5cb4120d3e7bb986390dbc5e1e0cd8d4	Chordata;Actinopteri;Uranoscopiformes;Pinguipedidae;Parapercis;Parapercis allporti	0.9997316952954679
4da2fdaf14ea893c564dca2deeb264f0	Unassigned	0.3856112396836442
79a396ffb65f079d38789d0f5373803c	Chordata;Mammalia;Carnivora;Phocidae	0.9831779549110664
9e0dd5de7bafe6d7abeca67efdda4e50	Chordata	0.7041642478655854
e20d6795ccb7b6bac5d386fcb302e2c0	Chordata;Actinopteri;Perciformes;Congiopodidae;Congiopodus;Congiopodus peruvianus	0.9999997655068418
4893b4534667438fbdf88d2143b970d8	Chordata;Actinopteri;Perciformes;Congiopodidae;Congiopodus;Congiopodus peruvianus	0.9999969982196438
639a743ef6e4b4d17b1facad43da0042	Chordata;Actinopteri;Perciformes;Congiopodidae;Congiopodus;Congiopodus peruvianus	0.9999995172822082
f59ea019f85e58e6dffcc752872c004e	Chordata;Actinopteri;Uranoscopiformes;Pinguipedidae;Parapercis;Parapercis allporti	0.9998722281532862
4462ab142c8e027614a22c192048024a	Unassigned	0.5783358521001774
9bf1e7059591926b71cacf43d7210bf5	Arthropoda	0.7465897695731939
86c8f0090e75db325a7d17fdaa28bf93	Chordata;Aves;Sphenisciformes;Spheniscidae;Megadyptes;Megadyptes antipodes	0.9999999105651978
a5986a242dd7003164bc7a66e578c010	Chordata;Actinopteri;Perciformes;Congiopodidae;Congiopodus;Congiopodus peruvianus	0.9999993694493269
cb85b02718be9a584ecdfa031ed6d8d0	Chordata;Actinopteri;Uranoscopiformes;Pinguipedidae;Parapercis;Parapercis allporti	0.99986962562013
0df5033c67667efb7aed958626ce78a3	Unassigned	0.31146947121342583
3da7db63bb618b4e55e6486145857284	Chordata;Actinopteri;Perciformes;Congiopodidae;Congiopodus;Congiopodus peruvianus	0.9999993257835199
93576715ea871ee00f12f1ed37a648dc	Chordata;Actinopteri;Perciformes;Congiopodidae;Congiopodus;Congiopodus peruvianus	0.9999998425467407
1b5eb1e0153ad99d687cadf561709d80	Chordata;Actinopteri;Uranoscopiformes;Pinguipedidae;Parapercis;Parapercis allporti	0.999953337062122
01a580e83873f3ab075447868d8cacd4	Chordata;Mammalia;NA;Bovidae;Bos;Bos taurus	0.8176453705964538
45b4f92df14a64011c963ea6529b4e59	Chordata;Actinopteri;Perciformes;Congiopodidae;Congiopodus;Congiopodus peruvianus	0.9999978942085764
7240e2319dd06dd256f6c2aab051711a	Mollusca;Cephalopoda;Teuthida;Onychoteuthidae;Moroteuthopsis;Moroteuthopsis aff. ingens HEB-2018	0.9999676438387306
f4d352829804f7187c4f7c47ea51122c	Chordata;Actinopteri;Uranoscopiformes;Pinguipedidae;Parapercis;Parapercis allporti	0.9998407623298678
609165266aadbad03efb9e66c025ac2a	Chordata;Actinopteri;Uranoscopiformes;Pinguipedidae;Parapercis;Parapercis allporti	0.9992813366656683
6715f97540a08a7716127aebe07e622a	Chordata;Mammalia;Carnivora;Otariidae;Phocarctos;Phocarctos hookeri	0.9999983113017711
591605c42bede60c3ca6e4d7dc328764	Chordata;Actinopteri;Perciformes;Congiopodidae;Congiopodus;Congiopodus peruvianus	0.9999996005617166
61b90f3c8ab29cc46ccb8075b38e8af5	Chordata;Actinopteri	0.9988088823901206
a9b72d76d9aa628d5d3a285e2732fa50	Arthropoda;Insecta	0.9984178760631961
1157bddbca2841aa7b4f2f89550151a8	Arthropoda	0.7150498020997229
c612c9294b8f62f91de3ed37f3b95063	Chordata;Actinopteri;Uranoscopiformes;Pinguipedidae;Parapercis;Parapercis allporti	0.999815644067654
298290ebe8669ce3894af1619f63b0e8	Unassigned	0.3551081247494976
164f79b8bf8549fc02c275f310c45a75	Arthropoda	0.9743961186060173
7d7d62664e896a06585387b1b9468f8d	Chordata;Actinopteri;Labriformes;Labridae;Notolabrus	0.9984687941543033
ef876fe53694c0d13101edcfc61973c4	Chordata;Actinopteri;Uranoscopiformes;Pinguipedidae;Parapercis;Parapercis allporti	0.998130336375864
0b11c0fb544ddd7d16e182f15cf80365	Chordata;Actinopteri;Argentiniformes;Microstomatidae	0.7784303368826586
2ac0b86ac275da0204dca1309e9aecb4	Arthropoda	0.7295231699463646
66d09592dec6df7183ba1fd6e5416826	Unassigned	0.7323030072059554
f24136ed27dd5fa273bd35c6284ba7f9	Arthropoda	0.7236176622229671
4ec23612e11590b6de7d87b0abb0872f	Chordata;Actinopteri;Argentiniformes	0.9117470849836147
f44beb32d954c6335d1eafabe5dca8cd	Chordata;Actinopteri;Perciformes;Triglidae;Chelidonichthys	0.9978523301670145
cd6fef76c5e54b1fdf00af335d94da6c	Chordata;Actinopteri;Uranoscopiformes;Pinguipedidae;Parapercis;Parapercis allporti	0.9992049560577657
0941de3cbc73551c8c1aa5830dddc522	Chordata;Actinopteri;Perciformes;Congiopodidae;Congiopodus;Congiopodus peruvianus	0.9999941348290143
18a12ff79f8480f1d612dee2efa72220	Annelida;Clitellata;Haplotaxida	0.8815022804057557
268a4646bc5d78e708ac85f585e7ef73	Arthropoda;Insecta	0.854618666565417
29834ca60762581a57566f1bdf988b36	Chordata;Actinopteri;Perciformes;Congiopodidae;Congiopodus;Congiopodus peruvianus	0.9999964007744466
65cf76d2407332d63980e01253d2e468	Chordata;Actinopteri;Perciformes;Congiopodidae;Congiopodus;Congiopodus peruvianus	0.9999998474283959
fc5faa34ddbd28f1e9bca9d0d8649895	Chordata;Mammalia;Carnivora;Otariidae;Phocarctos;Phocarctos hookeri	0.9999969556636626
53cd970f750db0b9a46c8d6eb78fb53b	Arthropoda;Insecta;Coleoptera;Staphylinidae;Stenomalium;Stenomalium helmsi	0.974883469276289
5b3729dbb594d56719e9659b7106d3f1	Unassigned	0.4076928369995424
b7589f1c596f76185c36ef426f33ba6a	Chordata;Actinopteri;Uranoscopiformes;Pinguipedidae;Parapercis;Parapercis allporti	0.9989821663843198
db7a2c1d8415c796d0e0cf46f4196523	Chordata;Actinopteri;Argentiniformes;Microstomatidae	0.7465635358760998
8f042ead560030d86ca8759dea007e35	Chordata;Aves;Sphenisciformes;Spheniscidae;Megadyptes;Megadyptes antipodes	0.9999999101562662
4c69670a7fc01398ef5d0e147081d776	Mollusca;Cephalopoda;Teuthida;Ommastrephidae;Nototodarus	0.9999998352833733
a888f3342da40da43c3d2edb55cf54c7	Chordata;Actinopteri;Argentiniformes;Argentinidae;Argentina	0.7089764298550858
a9dd0014302fe81bf36d6aa4a9387186	Arthropoda	0.9792814258164755
d6cb95c9efaf48fcc56edd5333ee2879	Chordata;Actinopteri;Perciformes;Congiopodidae;Congiopodus;Congiopodus peruvianus	0.9999997456215691
e12ba25d2683af2c2f911b4de04f1d5f	Chordata;Actinopteri;Argentiniformes;Argentinidae;Argentina	0.7942427018047844
3539f73d694b03994d5583f47d64b17b	Arthropoda;Insecta;Diptera;Anisopodidae;Sylvicola;Sylvicola fenestralis	0.9454208804685843
bef794e7e083ebb5c5de2d6e1b39d545	Arthropoda	0.7097628772279022
4161f353d8889d09e1cc30046b47ec4e	Chordata;Mammalia;Carnivora;Otariidae;Phocarctos;Phocarctos hookeri	0.999995490203966
65726c8737945fe3f64db58ffb7f6928	Chordata;Actinopteri;Myctophiformes;Myctophidae;Electrona;Electrona carlsbergi	0.8006772333814589
35e38331856622d0f3dcf56b2740733e	Chordata;Actinopteri;Argentiniformes;Microstomatidae	0.7208859620807392
cdd8774fe878e7b948219d8d0d828eda	Chordata;Actinopteri;Uranoscopiformes;Pinguipedidae;Parapercis;Parapercis allporti	0.999899777137093
387c99d8095ddb163791266182ffa2bc	Chordata;Actinopteri;Clupeiformes;Clupeidae;Sprattus;Sprattus antipodum	0.8314675290056458
8be315f1a2ca37aed91390efac5adf79	Chordata;Actinopteri;Argentiniformes	0.9575383271577037
5dd13d8ef0150e633566f256704f8c49	Chordata;Mammalia;Diprotodontia;Phalangeridae;Trichosurus;Trichosurus vulpecula	0.9999999733338004
f0a8216409173b89d1cd37cec0bdc61b	Chordata;Actinopteri;Argentiniformes	0.9859391140032912
923b9dc2316972236a032d80e81825ba	Chordata;Actinopteri;Scombriformes;Gempylidae;Thyrsites;Thyrsites atun	1.0
a16f14af5e8e3181930aefb1c85a7955	Unassigned	0.4632555771134935
1ce2dfb08cbc5338788626ea49777a5b	Arthropoda	0.8960290803854509
c38c5b01a2069f00b5881b209c4f0ace	Chordata;Actinopteri;Argentiniformes	0.9857958281470979
acd5a3857088cd39eab0e079d72e4e27	Arthropoda;Insecta;Coleoptera	0.9519631374728705
7a10c167d9a30e4eb07587c197c51b8c	Chordata;Actinopteri;Perciformes;Congiopodidae;Congiopodus;Congiopodus peruvianus	0.9999989792047709
4697290d72c927fc4bab83526d15cbd0	Chordata;Mammalia;Carnivora;Otariidae;Arctocephalus;Arctocephalus forsteri	0.9979954028390707
004376f048a711308d095b2c9d277505	Unassigned	0.43655082796291544
1255fe752b5f24122580912813e95e32	Chordata;Actinopteri;Uranoscopiformes;Pinguipedidae;Parapercis;Parapercis allporti	0.9945659592132103
54bd3a6997ea7646b7c2bdcdf0f64546	Chordata;Actinopteri;Uranoscopiformes;Pinguipedidae;Parapercis;Parapercis allporti	0.9973851407240547
468b972d1b5f81b1460707898260cff5	Unassigned	0.3791338443908133
a75d0d9b3801aebe982a4a9c8a1761aa	Chordata;Actinopteri;Perciformes;Congiopodidae;Congiopodus;Congiopodus peruvianus	0.9999998038266874
a1a25240c2472ab7dfce19c1aa5f7fb5	Unassigned	0.38739362675613587
e248259224e6c07e62390bdf2fa68a48	Chordata;Actinopteri;Uranoscopiformes;Pinguipedidae;Parapercis;Parapercis allporti	0.998702048079644
4b4aeb02902bd1471be3d0a7616bc2a9	Unassigned	0.789574533616827
6f9d35fa5526724e968f644c01af048d	Chordata;Actinopteri;Uranoscopiformes;Pinguipedidae;Parapercis;Parapercis allporti	0.9998670113544715
d849892aeee1b4b7c53eb313d4cfaf38	Chordata;Actinopteri;Perciformes;Congiopodidae;Congiopodus;Congiopodus peruvianus	0.9999975539701965
8fadc938e2004e6ecca776a62a5473d2	Arthropoda	0.7837645270403922
ff07c983f8f88bf700627dc174e0f1d6	Unassigned	0.43707143787041314
d5e8e1cefbd72b12edc9032dd46eb388	Chordata;Actinopteri;Clupeiformes;Clupeidae;Sprattus;Sprattus antipodum	0.9990260220475656
12e230870741bffd611a3f068e390fcc	Unassigned	0.5198974931602289
a3918ae1a886fc4af402f89f17f1aeaa	Chordata;Actinopteri;Perciformes;Congiopodidae;Congiopodus;Congiopodus peruvianus	0.9999993985913523
03ca29af066770c6449bd2de9a3cfaaf	Unassigned	0.6909450524515692
51dabe5fc46cef2504279b3c4f7aabe3	Arthropoda;Insecta;Diptera	0.9881982792892586
4c9661bb301a6787a439e9953ecd7194	Chordata;Actinopteri;Argentiniformes	0.9804871704519179
ae9dfaf177893f892f75adb076d86de2	Unassigned	0.5674969618988486
764b757e67a189bf472df33cfba6ac7b	Unassigned	0.4530984322718389
8c53da19b803a6fde6c7e3c014c50c7a	Chordata;Actinopteri;Argentiniformes;Microstomatidae	0.7572786815581717
be3d928e062c4fd49f97a87cf6de03dc	Chordata;Actinopteri;Uranoscopiformes;Pinguipedidae;Parapercis;Parapercis allporti	0.9998034617248404
f9e96530de99ceaf177614bb4accad71	Chordata;Actinopteri;Perciformes;Congiopodidae;Congiopodus;Congiopodus peruvianus	0.9999995327314747
cb5a8ecea6e4434bbd028146bafea09b	Chordata;Actinopteri;Perciformes;Congiopodidae;Congiopodus;Congiopodus peruvianus	0.9999974893115932
9b8c5fd8bdacae01ef5d0b1c7ff8be06	Unassigned	0.33477185694558187
0851e5d062d33e9bf5f4dc836660ee02	Echinodermata	0.9302178756541736
064b29bf12f553cc32895dc2fbd5663d	Unassigned	0.32100528646687876
54a1d3f9a95e7986a42b023086793976	Chordata;Actinopteri;Gadiformes;Moridae;Pseudophycis;Pseudophycis barbata	0.9849939871111324
4cd4e451c47952ca9fb3626014d5a4b2	Chordata;Actinopteri;Uranoscopiformes;Pinguipedidae;Parapercis;Parapercis allporti	0.9999328190727245
8fd8762686cd0cb46484e4b753353e4e	Chordata;Actinopteri;Perciformes;Congiopodidae;Congiopodus;Congiopodus peruvianus	0.9999988802437388
814df163f42934dcb02627e48bb4d17b	Arthropoda	0.7408961254439603
cbd888de0d2b0935905ffd71fac655c6	Chordata;Actinopteri;Uranoscopiformes;Pinguipedidae;Parapercis;Parapercis allporti	0.999501763957411
60eec7468c15dc635931af5de56f9631	Unassigned	0.449041284216838
59fd53dbaacf5dc425050482d08adf86	Chordata	0.7077991464126625
4887a0d3b15f4c803fb182c988f5590c	Unassigned	0.3150176944016385
5e40683a6d92120e6aad4f8e000ad746	Chordata;Actinopteri;Argentiniformes	0.9543159013735788
5f020ef3cbd5797780b41ce1f0a2ee67	Arthropoda	0.7139626395693378
3120ad7d24099cd9eadf368482ae4a53	Unassigned	0.3600664920285541
39f81bcbfa1f9ced03039a934d0b3ecd	Chordata;Actinopteri;Uranoscopiformes;Pinguipedidae;Parapercis;Parapercis allporti	0.9988915331196463
27cc883b5ac90a721c700de8a94c6b2a	Chordata;Actinopteri;Uranoscopiformes;Pinguipedidae;Parapercis;Parapercis allporti	0.9992995132809745
4de864dc6036ff301f14d7bcbcc64420	Arthropoda;Insecta;Coleoptera;Staphylinidae;Stenomalium;Stenomalium helmsi	0.9856032812758335
dca3cbce841cbbc5037b1d2f8717d802	Chordata;Actinopteri;Centrarchiformes;Cheilodactylidae	0.9999931930519035
8f794481d7d73d5d546390d04b572456	Chordata;Actinopteri;Perciformes;Congiopodidae;Congiopodus;Congiopodus peruvianus	0.9999921733642093
cc64f740124c65449c6837f09c9a5a9e	Arthropoda	0.7141789105187129
653edd07582e1a7195b4e1b97f25956d	Unassigned	0.436278945120228
2232855c2d6a497c971bb74a253c61cf	Chordata;Actinopteri;Perciformes;Congiopodidae;Congiopodus;Congiopodus peruvianus	0.9999989670776094
fa651e902e665c56fc8f704dace46859	Chordata;Actinopteri;Argentiniformes;Microstomatidae	0.7614225701315499
6c77ac5d3756ee98201e2ac13153278f	Chordata;Actinopteri;Perciformes;Congiopodidae;Congiopodus;Congiopodus peruvianus	0.9999998621946513
cfbfb16ad4506cac298c20f936b769bf	Chordata;Aves;Sphenisciformes;Spheniscidae;Megadyptes;Megadyptes antipodes	0.9999980967777794
6a90fbabe99fc05fe553376422831713	Chordata;Aves;Sphenisciformes;Spheniscidae;Megadyptes;Megadyptes antipodes	0.9999997806485751
d35f2b0a5be3e15b60ea73dd4bf25e24	Unassigned	0.3705752509722593
a7a85c286cd8a6b5901f910003983957	Arthropoda;Insecta;Coleoptera;Chrysomelidae	0.7133962233937134
9465693d3a6f8b1d417bbd3e5d9773a1	Chordata;Actinopteri;Syngnathiformes;Syngnathidae;Hippocampus;Hippocampus abdominalis	0.9999999994012541
3b0aa0d5f9342c554afeaf90a4341018	Chordata;Actinopteri;Argentiniformes	0.9606329711932986
653a3677c14093c805cbffa4f5f002bc	Chordata;Actinopteri;Perciformes;Congiopodidae;Congiopodus;Congiopodus peruvianus	0.9999991004149035
8beafd3ecd26d69ec315fc5ba2f57c42	Chordata;Actinopteri;Perciformes;Psychrolutidae;Cottunculus;Cottunculus thomsonii	0.9820538821017528
b0605148e9226e4f1e1832038c594bd4	Arthropoda;Insecta;Siphonaptera;Pulicidae;Ctenocephalides;Ctenocephalides felis	0.9863045123338959
9337cf636fcb4db2c1df3caf48a07d95	Chordata;Actinopteri;Uranoscopiformes;Pinguipedidae;Parapercis;Parapercis allporti	0.9998239809020161
bb8a26da019785c94e037a49ddfa9386	Chordata;Actinopteri;Uranoscopiformes;Pinguipedidae;Parapercis;Parapercis allporti	0.999506694877153
decbc3525364d8621b4322db377a3bb8	Unassigned	0.3679062324505227
1d29a111de64bb8a6f14f7091957a0f5	Unassigned	0.3712505824313931
a39859a5182f5a9f7c8712e09837f683	Arthropoda;Insecta	0.998894759827936
a5cabf1f26cf435f3f10eba90d222c28	Unassigned	0.8729675094146285
6740a073dce4b0b55479ff2a2c6158ae	Chordata;Actinopteri;Perciformes;Congiopodidae;Congiopodus;Congiopodus peruvianus	0.999999849230133
cefbb3b9d762d0f5316d237c90ee05bf	Chordata;Actinopteri;Uranoscopiformes;Pinguipedidae;Parapercis;Parapercis allporti	0.9986440086174727
01e58073ff30afcba319de74f92527c4	Mollusca;Cephalopoda;Teuthida	0.7054449859152103
ae9aa7ca5239da1d85c188bab6315476	Unassigned	0.3959741103606277
82475efe59a888202da6ee472aa93601	Arthropoda;Insecta;Diptera	0.9260221104997243
cfc717a8f45dc546f6bfb8c8d8fc6ea9	Chordata;Aves;Sphenisciformes;Spheniscidae;Megadyptes;Megadyptes antipodes	0.999999910141288
d953e646de774a3c66cf4175aba879d6	Chordata;Actinopteri;Perciformes;Congiopodidae;Congiopodus;Congiopodus peruvianus	0.9999998401626143
b0a0dfd85fd20a8a44e10b3918e30c8a	Chordata;Actinopteri;Uranoscopiformes;Pinguipedidae;Parapercis;Parapercis allporti	0.9990482851636806
1575e8a9e77186bde4502f9f3b33fecf	Chordata;Actinopteri;Uranoscopiformes;Pinguipedidae;Parapercis;Parapercis allporti	0.9995717815654773
d2e559189175ee7b3a504166e4c38748	Chordata	0.7347812951859185
8bb2a0068883147fec247a6e2b730308	Chordata;Actinopteri;Perciformes;Congiopodidae;Congiopodus;Congiopodus peruvianus	0.9999994678776852
58fe411aa7fa1b1d110ec2c6bcfcf8cb	Chordata;Aves;Sphenisciformes;Spheniscidae;Megadyptes;Megadyptes antipodes	0.9999992908722773
aa0b8b7f1c0294687ec23226e8750adb	Chordata;Actinopteri;Uranoscopiformes;Pinguipedidae;Parapercis;Parapercis allporti	0.9995756402828129
ece283e7df66aee2c5bd476b6e3ec563	Arthropoda;Insecta	0.7291794753575548
d1ad990e31794c88b287bba23452ebd1	Chordata;Actinopteri;Uranoscopiformes;Pinguipedidae;Parapercis;Parapercis allporti	0.9999792061548386
1080c3b210be12e71368b99ad8778704	Chordata;Actinopteri	0.9994577427622868
f82cea06276cf7c20aa15a302ae6217f	Chordata;Actinopteri;Perciformes;Congiopodidae;Congiopodus;Congiopodus peruvianus	0.9999998221827882
2b402c7f16030ad5f98c1eabfb2dabb5	Chordata;Actinopteri;Argentiniformes	0.9865383658910734
f94c395742caae68d47cb44c7f11b7fa	Chordata;Actinopteri;Gadiformes;Moridae;Pseudophycis;Pseudophycis barbata	0.8987622773740668
0463316615b2759226955320bc5b5e7d	Chordata;Mammalia;NA;Bovidae;Bos	0.9996268725184521
482d9ae9c5e140279b6f56bfffad82bf	Chordata;Actinopteri;Argentiniformes	0.9893222741582411
5126df9d0cc6bbdb8b15deb79118876d	Chordata;Actinopteri;Clupeiformes;Clupeidae;Sprattus;Sprattus antipodum	0.9858510196072555
3a825f6914cbf049f1079c27a8a012a1	Chordata;Actinopteri;Uranoscopiformes;Pinguipedidae;Parapercis;Parapercis allporti	0.9990000402700391
330824ef644d3ea8d3a79d387abf88eb	Chordata	0.7723910878889703
919f6a73561a7596554ea1cc6b72e35a	Unassigned	0.520581700272467
428feccf310094a2679dc990f8736d08	Chordata;Actinopteri;Uranoscopiformes;Pinguipedidae;Parapercis;Parapercis allporti	0.9995861778987613
15303d7a19f8621b32a159edba6b8b84	Chordata;Actinopteri;Uranoscopiformes;Pinguipedidae;Parapercis;Parapercis allporti	0.9999999999997868
edfec50fc22fdff59c65ff6309c213c2	Chordata;Actinopteri;Uranoscopiformes;Pinguipedidae;Parapercis;Parapercis allporti	0.9997536607661117
5ce20fc06aae8483e6b002ea9fa67632	Unassigned	0.7967251254924443
01c335b0bc3d825d10441b3c0aa1a273	Mollusca;Cephalopoda;Octopoda;Octopodidae;Macroctopus;Macroctopus maorum	0.9999999999998721
6656dc1648f4d1c52017f0c2120ccdc3	Chordata;Actinopteri;Perciformes;Congiopodidae;Congiopodus;Congiopodus peruvianus	0.9999948792838552
2a097ff2dcdb6d4977ef96b369134cb0	Chordata;Actinopteri;Argentiniformes	0.973922268273936
5a7bd1f709238967c42ee58c02a82b2b	Chordata;Actinopteri;Argentiniformes	0.9850639556119758
d50a6d54514d7a557b6b1cffbefdf715	Chordata;Actinopteri;Perciformes;Congiopodidae;Congiopodus;Congiopodus peruvianus	0.9999997585720458
9cd56340834cc29f41e9213cb27f358c	Chordata;Actinopteri;Perciformes;Congiopodidae;Congiopodus;Congiopodus peruvianus	0.9999995026417665
af794dbf2e0b3b1afd733558fcf7ca5a	Chordata;Actinopteri;Uranoscopiformes;Pinguipedidae;Parapercis;Parapercis allporti	0.9998665615375933
476f86531a656c452d21bf5da387da7d	Chordata;Actinopteri;Scombriformes;Centrolophidae	0.821479039685151
2c702f16ae8d8cf8a2d163dbafe9435f	Chordata;Actinopteri;Perciformes;Congiopodidae;Congiopodus;Congiopodus peruvianus	0.9999997131253892
62abd21d111d57162a540910089f8a6b	Chordata;Actinopteri;Uranoscopiformes;Pinguipedidae;Parapercis;Parapercis allporti	0.9998561122488928
e99a78ce6f1bf66ddb7cc0f7dcabd2e5	Chordata;Mammalia;Primates;Hominidae;Homo;Homo sapiens	0.7097413361101836
c3f17573048998ff7d1489bccb26eea9	Chordata;Actinopteri;Uranoscopiformes;Pinguipedidae;Parapercis;Parapercis allporti	0.9999593716896554
421c836e0f6b928815bb5933b325ed6b	Echinodermata;Holothuroidea;Dendrochirotida	0.9136472853989421
22bd0870bb0c3e3c281951c7e8047798	Chordata;Actinopteri;Clupeiformes;Clupeidae;Sprattus;Sprattus antipodum	0.9990176024947331
e1bac654ad1c86557cd91b0a45ae07e4	Chordata;Actinopteri;Uranoscopiformes;Pinguipedidae;Parapercis;Parapercis allporti	0.9998099396257378
2a5bfef4ae0d972d410d987f80dd33d2	Chordata;Actinopteri;Perciformes;Congiopodidae;Congiopodus;Congiopodus peruvianus	0.9999979192473111
1ed6d11cd2ac49a8f614f1743110d9f5	Chordata;Aves;Sphenisciformes;Spheniscidae;Megadyptes;Megadyptes antipodes	0.9999999054802986
67eea06f1bc65a47502d1873f6f40764	Chordata;Actinopteri;Uranoscopiformes;Pinguipedidae;Parapercis;Parapercis allporti	0.9999660470536974
36efcdf9c844fe52a005adf944cdc6d6	Chordata;Actinopteri;Uranoscopiformes;Pinguipedidae;Parapercis;Parapercis allporti	0.9999600066254694
4e66e5938e327cef99fbd6662525385e	Arthropoda;Insecta	0.7206861005862999
928eb41bf2268691c9b5f67a36611650	Chordata;Actinopteri;Argentiniformes	0.9863445417627517
216729720aa1d8315f1397f81e14fbf1	Unassigned	0.43641154899886836
e490192d6b7f5b78400cbeb94e3fb8d4	Chordata;Actinopteri;Argentiniformes	0.7922612392577226
411f8ca89c17f88897d85466cbeec2dc	Chordata;Actinopteri;Uranoscopiformes;Pinguipedidae;Parapercis;Parapercis allporti	0.9993829699848862
5730267527d8f2a359b016e83d59b1e3	Unassigned	0.5544223008141429
12619c161374c604a3abcfcaddb7d34d	Unassigned	0.43999755963890674
e96426ea4e3a070554f6df92fc04a23b	Chordata;Actinopteri;Argentiniformes	0.9011693878792468
dc72a8729ac8d3b93f25f1613b56eb1a	Chordata;Actinopteri;Uranoscopiformes;Pinguipedidae;Parapercis;Parapercis allporti	0.9998223844742499
8d2be90d29e5226aa14300af17ab5405	Chordata;Actinopteri;Argentiniformes	0.9845058195724241
92be4095f8c4076112ecfe9330fbbdf0	Chordata;Actinopteri;Perciformes;Congiopodidae;Congiopodus;Congiopodus peruvianus	0.9999998755531088
d7dbb0ced18bd6457d33266d2427beb6	Echinodermata;Holothuroidea;Dendrochirotida;Heterothyonidae;Heterothyone;Heterothyone alba	0.9917061648784834
23c2e17ed9f94cdce7c7f0ffc0f32b1c	Chordata;Actinopteri;Perciformes;Congiopodidae;Congiopodus;Congiopodus peruvianus	0.999999674828739
896765bf4ab06ffc16fc00b06353137c	Unassigned	0.47945081497485964
e15b250a2d7b3b2235178ba820cf79ab	Chordata;Actinopteri;Perciformes;Congiopodidae;Congiopodus;Congiopodus peruvianus	0.9999995973090663
91ce52d2676cbd357828d31e5b9f0937	Chordata;Actinopteri;Uranoscopiformes;Pinguipedidae;Parapercis;Parapercis allporti	0.9998459520199299
9b491f58612c9efe2f79e44b94109f5c	Chordata;Actinopteri;Argentiniformes	0.9652422628370597
c66c28fc2b8cf9f1d363c953e49ad9fc	Chordata;Actinopteri;Argentiniformes	0.9410106496501685
8da108b6c6422a161ca3ede6f0813447	Arthropoda	0.8592231271374298
86c01d3c4ed7a6a89c79f2b6378d4263	Chordata;Actinopteri;Perciformes;Congiopodidae;Congiopodus;Congiopodus peruvianus	0.9999995024006795
aaebffe88f6862644cff11320708eb13	Chordata;Actinopteri;Perciformes;Congiopodidae;Congiopodus;Congiopodus peruvianus	0.999999486283731
199274946e0d72ae82c7dda6a6b6c3cd	Chordata;Actinopteri;Perciformes;Congiopodidae;Congiopodus;Congiopodus peruvianus	0.9999988355560946
41818d331c0d3a62be6e3921ba80ce95	Unassigned	0.5588508889331876
15beec37a697a73a9520481ed54f3502	Chordata;Actinopteri;Uranoscopiformes;Pinguipedidae;Parapercis;Parapercis allporti	0.9998845664825383
2bb19b0d2904d74288b1fb2de7b97037	Unassigned	0.33617062946208587
cb04995a987719c5cc85927c741a668e	Chordata;Actinopteri;Uranoscopiformes;Pinguipedidae;Parapercis;Parapercis allporti	0.9992144030171701
85545f23eb4ae30c197a80a37ed4ec1d	Chordata;Actinopteri;Uranoscopiformes;Pinguipedidae;Parapercis;Parapercis allporti	0.9996067440700226
1de04b83571885630c32df2eea396f48	Chordata;Actinopteri;Uranoscopiformes;Pinguipedidae;Parapercis;Parapercis allporti	0.9942348955109568
ac613aa858cd6769c89a61c17f8cc064	Chordata;Actinopteri;Uranoscopiformes;Pinguipedidae;Parapercis;Parapercis allporti	0.9998047833465311
2347bc388a514e86be4b03c3994bdfae	Chordata;Mammalia;Primates	0.9625578857116486
345e9a3980e1a64d8ecd867218ab926a	Unassigned	0.3353228821892641
4b3cb70368d2178e0208f140abd0340b	Chordata;Actinopteri;Uranoscopiformes;Uranoscopidae;Kathetostoma;Kathetostoma canaster	0.9999945686172671
f0a34497628d6243620f75d325512b99	Arthropoda;Insecta	0.7033088451573738
1aa923cdc4cccad53234d89e5d4b4e81	Chordata;Actinopteri;Perciformes;Congiopodidae;Congiopodus;Congiopodus peruvianus	0.9999991685565607
a3fcfa57af3eef8c4319dff8f3dd8132	Unassigned	0.34501370930977215
069568b4a5d38024677ef210a16b1d70	Chordata;Actinopteri;Centrarchiformes;Cheilodactylidae	0.9999863337995014
391fb97833378975891a7c201b385d4e	Unassigned	0.3526116972092379
200b6f5070b162dbdd67a264b189f169	Unassigned	0.3624069596089933
c3202d61c9dca1a4ee37acca3d715187	Chordata;Actinopteri;Uranoscopiformes;Pinguipedidae;Parapercis;Parapercis allporti	0.9999105501232864
52a87e4b6f3ca894a68c577d7cbd2232	Chordata;Actinopteri;Argentiniformes;Argentinidae;Argentina;Argentina sialis	0.8743610733987772
e8fc2a80c9c8650b081a5367c928aa87	Chordata;Actinopteri;Uranoscopiformes;Pinguipedidae;Parapercis;Parapercis allporti	0.9998172962283849
120274414b6a52574a06d21463640526	Mollusca;Gastropoda;Trochida;Trochidae;Zethalia;Zethalia zelandica	1.0
2648a65bf6810697001a7094d0af749a	Chordata;Actinopteri;Argentiniformes	0.9616961140316281
534862ea4454b6785792574d0bfd59fe	Chordata;Actinopteri;Argentiniformes	0.978877494031662
98c22f429b3184ffb01ba1745bef2a29	Chordata;Actinopteri;Ophidiiformes;Ophidiidae;Genypterus;Genypterus blacodes	0.9252841959914249
5ebfb5252692d5c874529e7e3708d881	Nemertea;Enopla;Monostilifera	0.9995383574380875
e00a581a79c44274668b24a1a440037f	Unassigned	0.3742232228048865
036c4e2e3a0ad44ead587e3c8b9af378	Chordata;Actinopteri;Perciformes;Congiopodidae;Congiopodus;Congiopodus peruvianus	0.9999960385118692
a5f8c38898788c5e58304c2eb5948ec7	Unassigned	0.382423479540001
e9eac6998ce74272b3bf219921d531ca	Chordata;Actinopteri;Argentiniformes;Argentinidae;Argentina;Argentina sialis	0.8928849638996025
25a258180188cc68a3d0b25ab0c75df9	Unassigned	0.3464231345272414
7ecbbb9dbd34d780d860bf0f8cb8f808	Unassigned	0.39664121493912685
b2453d96ab8c56fb006cf8100d247dc8	Chordata;Actinopteri;Perciformes;Congiopodidae;Congiopodus;Congiopodus peruvianus	0.9999928276417193
b53dd4d1b8bc73783a96efe8877c3e5a	Chordata;Actinopteri;Perciformes;Congiopodidae;Congiopodus;Congiopodus peruvianus	0.9999977292679236
5716ec082007dc828c52f37f414425eb	Chordata;Actinopteri;Anguilliformes;Anguillidae;Anguilla;Anguilla australis	0.9999843546134237
5e2b19db01b9d4ada5e306fcf0df4098	Chordata;Actinopteri;Scombriformes;Centrolophidae;Seriolella;Seriolella brama	0.7748880712567613
e0b7a857785c6a094d58d6b60726b813	Arthropoda	0.7107005638764213
449b43a87b62d15396177959e2d98fa1	Chordata;Actinopteri;Uranoscopiformes;Pinguipedidae;Parapercis;Parapercis allporti	0.999853717459517
d07adeffa9cbf11029601309d7a33854	Chordata;Actinopteri;Argentiniformes	0.9819357268967586
21f2575f97e0273c1b2cd0567728e435	Annelida;Clitellata;Haplotaxida;Enchytraeidae;Lumbricillus;Lumbricillus pumilio	0.9722330982684191
529e928336522f6b7e6603a1fd1fde72	Echinodermata;Holothuroidea	0.9301835831190852
b96e3c002741a5772eeb846b00374d5e	Chordata;Actinopteri;Argentiniformes;Microstomatidae;Nansenia	0.777787039619866
3ed3c3d007e76d4052a5f08f56132036	Chordata;Actinopteri;Gadiformes;Macrouridae;Coelorinchus;Coelorinchus aspercephalus	0.9999947003280626
2bd86463ba7e6397831d644da0295986	Chordata;Actinopteri;Perciformes;Congiopodidae;Congiopodus;Congiopodus peruvianus	0.9999990962599374
5d81d71618a559da1c7797252c54ed4a	Unassigned	0.8478033604773187
349bbfbca1549916ffe1a2ec338c67b3	Mollusca;Cephalopoda;Octopoda;Octopodidae;Octopus	0.7288790484072553
851f676c85896fd0ecab7bf74fdea5f6	Chordata;Actinopteri;Uranoscopiformes;Pinguipedidae;Parapercis;Parapercis allporti	0.9994342738255849
44237380fd01a1ea3c7bc28be8a738ad	Chordata;Actinopteri;Perciformes;Congiopodidae;Congiopodus;Congiopodus peruvianus	0.9999995912987156
5d9cb01f21e3a650fcef9211b681cc56	Chordata;Actinopteri;Argentiniformes	0.9650993469215001
608722ca43c3e1a1e8c8f49742d4a62a	Unassigned	0.5941595738304165
2224557d6e56e7c1b0a169fc316fc98e	Unassigned	0.3829983702084102
b33d89ac5a6f054e8f9c436df0948a66	Unassigned	0.8895165921648861
1e947f3260d5385fbe4bd1400b123df6	Chordata;Actinopteri;Perciformes;Congiopodidae;Congiopodus;Congiopodus peruvianus	0.9999996026093861
51a6bb5b007c0e53ade3713c5f798076	Unassigned	0.4707445525125915
5e34a8bd340133bb5ce8752102ac272c	Unassigned	0.39762446469190627
2c20db1ce86839b0ac2872dafd2c8d4d	Mollusca;Cephalopoda;Teuthida;Ommastrephidae;Nototodarus	0.9999995750115143
c6f27f80636b207ba537d71e95f0842a	Chordata;Aves;Sphenisciformes;Spheniscidae;Megadyptes;Megadyptes antipodes	0.9987513872948139
b7161b011b21b36a5dce25df2ec32b2b	Chordata;Actinopteri;Scombriformes;Centrolophidae;Seriolella;Seriolella brama	0.7732276159670843
3ef79061b627db0c5338aedeefd29923	Chordata;Actinopteri;Perciformes;Congiopodidae;Congiopodus;Congiopodus peruvianus	0.9999988908683446
6a512f3c38c91877b13d5d1ddf184758	Cnidaria;Scyphozoa;Semaeostomeae;Cyaneidae;Cyanea	0.9829510793532769
a7dddc51dc47c7f8bff4d232ac815683	Chordata;Actinopteri;Uranoscopiformes;Pinguipedidae;Parapercis;Parapercis allporti	0.9997963234945061
3efe82247024a137c6b9a1e9507cc67e	Chordata;Actinopteri;Uranoscopiformes;Pinguipedidae;Parapercis;Parapercis allporti	0.9989665762803968
80b312155ef3eb5ff9dac6f47d6cacea	Chordata;Actinopteri;Argentiniformes	0.9435880907248744
2ac6c5514327bea0ab67a2c35a59e014	Annelida;Clitellata;Haplotaxida;Enchytraeidae;Enchytraeus	0.9998090439479069
fd29e8949bc54798b531b5a4c89ba5e7	Chordata;Mammalia;Carnivora;Otariidae;Arctocephalus;Arctocephalus forsteri	0.999932529143473
8be3ac2cc27d980b45b9bebece42344e	Unassigned	0.3967784108870571
9a84f40e1c91274037ce831c3ed31837	Mollusca;Cephalopoda;Teuthida;Cranchiidae;Teuthowenia;Teuthowenia megalops	0.9992888217282431
f09ffd2084d65baaf8408e59f4056b14	Unassigned	0.5049197975001485
32d436343ef5911e861b0ef373ae9edc	Chordata;Actinopteri;Uranoscopiformes;Pinguipedidae;Parapercis;Parapercis allporti	0.9999982554901419
297a3011502ed9ce1e0fb67e21c8f752	Unassigned	0.4085248379913432
6be7e909c60c5a60d1a76ea142d984be	Chordata;Actinopteri;Argentiniformes;Microstomatidae	0.7238985371783754
bd20f4447f541475f410fd6796706b27	Chordata;Actinopteri;Argentiniformes	0.9825404817724719
c565cc3545859ab08b17a67e3f9fbc3d	Unassigned	0.3563881495496479
5f692ca5a99902d279e9e5427a7a5340	Arthropoda	0.817710712086264
b14dfe9db23cae4daf7531a606f2db36	Arthropoda	0.7082124306972533
dd052a28e51b18016f31f6bd8dae6000	Unassigned	0.44871528803024385
4838e1e669398ecefd85ef9748dfb165	Chordata;Actinopteri;Perciformes;Congiopodidae;Congiopodus;Congiopodus peruvianus	0.9999997875525052
2c2ad6e23d92b9e01cc4db9ebca58c53	Unassigned	0.845475844988101
b073345dba431f9149c1795206ce2e11	Unassigned	0.35830015516364566
9dc8ea4d84e7033cc1f5ecb49078d963	Unassigned	0.3007940468045379
dcce619db2a16ed653926357551f4545	Unassigned	0.3604198895585754
33c53d9958f471004e39c318770c4dea	Chordata;Actinopteri;Uranoscopiformes;Pinguipedidae;Parapercis;Parapercis allporti	0.9999421994583897
054f1d4709a0925e95d259940e33c875	Chordata;Actinopteri;Uranoscopiformes;Pinguipedidae;Parapercis;Parapercis allporti	0.999813862317688
c4aecea1cadb943a751e64a71f074fd0	Unassigned	0.3640636091373173
32cf019f15a42dc11811a15a741141dd	Cnidaria;Scyphozoa;Semaeostomeae;Ulmaridae;Phacellophora;Phacellophora sp. NA	0.9999990304851433
7fa56c5fae2dc0b9d686a558701a7e47	Chordata;Actinopteri;Centrarchiformes;Cheilodactylidae	0.9999892989197064
2fd5cc86ffe719bbd681b61fff89ba6e	Chordata	0.7088019870095966
b2fe4dc85876796920ebef524d55a00f	Arthropoda;Insecta	0.7059499370102752
2af6b0d296053eb98812e373b30486f9	Arthropoda	0.7036899404140748
fd46d596ccefaf14b9900f9b77e398e9	Chordata;Actinopteri;Clupeiformes;Clupeidae;Sprattus;Sprattus antipodum	0.9855279335811711
4970ec74110a25bb5124d254e0b47f49	Mollusca;Cephalopoda;Teuthida;Onychoteuthidae;Moroteuthopsis;Moroteuthopsis aff. ingens HEB-2018	0.9999619832555212
55dfddfa367b333c0f4cdfe393495a69	Arthropoda;Insecta	0.7347569900048659
4d2b1899d23db69e25c3e9198cdfe4d5	Unassigned	0.4328442600841279
db5b5bdccffeeffa3e79e0e6706b6943	Arthropoda;Insecta	0.8323949418624619
5b4a531fc911811efb362e0ebd1b5ff0	Arthropoda	0.9999931703218086
a458808796966af6dd1c1a03e012a165	Chordata;Actinopteri;Uranoscopiformes;Pinguipedidae;Parapercis;Parapercis allporti	0.9990711636979317
3b435e4d7a7beb07f611d2a27412d0bd	Arthropoda	0.8710831078285489
1ac44cec23739fe41d72d40a4f6213e4	Unassigned	0.3607041296080995
f9e507973197b8a133be692537d17fa1	Arthropoda;Insecta;Coleoptera;Staphylinidae;Stenomalium;Stenomalium helmsi	0.9859610969236371
ee8dbeae53850874bfab592c9ef1f472	Unassigned	0.3865220007065219
6ab8793a10901719457aeed65192f01a	Arthropoda;Insecta;Diptera;Anisopodidae;Sylvicola;Sylvicola fenestralis	0.9903015343653522
27dcd64362652365b18c70db8332b7c6	Chordata;Actinopteri;Scombriformes;Gempylidae;Thyrsites;Thyrsites atun	1.0
cc032a7cd2558694219d70af83cbe7b7	Chordata;NA;Petromyzontiformes;Petromyzontidae;Lampetra	0.90759459960155
d318ab57c3deb02b25d272f8b668ce5c	Arthropoda;Insecta;Coleoptera;Staphylinidae;Stenomalium;Stenomalium helmsi	0.9838567604660491
486e2c71f9e303dc4f8869688f7c5c04	Chordata;Actinopteri;Uranoscopiformes;Pinguipedidae;Parapercis;Parapercis allporti	0.9999423232269775
0a6bfd3d9511d3c48af7323cfea8dbae	Unassigned	0.3856224057302161
01a3a3180fd75d2a6c485f09113721e8	Arthropoda;Insecta	0.8267731412398014
597e18fa884f038cb5a8d4f5f1ed8f87	Chordata;Actinopteri;Perciformes;Congiopodidae;Congiopodus;Congiopodus peruvianus	0.99999716369608
158b472500776f1bde30f2fa8ab37182	Chordata;Actinopteri;Perciformes;Congiopodidae;Congiopodus;Congiopodus peruvianus	0.9999995810107148
be645bf1beaa98f29608842b15f2a9b6	Chordata;Actinopteri;Uranoscopiformes;Pinguipedidae;Parapercis;Parapercis allporti	0.9995720669955003
2a2e9848dcce329115d145e4812f02eb	Mollusca;Cephalopoda;Octopoda;Octopodidae;Octopus	0.9424214991007752
64104158e8b8fb939e1bd21dc7737d0e	Arthropoda;Insecta	0.9198202235400333
3582c5bfaec1c26a8b6059f22a576462	Chordata;Actinopteri;Clupeiformes;Clupeidae;Sprattus;Sprattus antipodum	0.9860615409389079
22020efd2f7ba41b80aca193037ddb27	Chordata;Actinopteri;Perciformes;Congiopodidae;Congiopodus;Congiopodus peruvianus	0.9999992291835285
fd7f310eaa5861987b775071f7380908	Chordata;Actinopteri;Uranoscopiformes;Pinguipedidae;Parapercis;Parapercis allporti	0.999914162932077
c80539bd11869542086b74afe8a4daad	Chordata;Actinopteri;Clupeiformes;Clupeidae;Sprattus;Sprattus muelleri	0.9839662703142059
b67cfff9cfb24c28a2fd49d55cd96cdd	Arthropoda;Collembola;Entomobryomorpha;Entomobryidae;Entomobrya	0.8165097980621258
b4cd43646d25f4a4bc207ca4d63347b2	Chordata	0.7007428699713633
8a4480d9ecea0d55f373b0f7ab30e5d4	Chordata;Actinopteri;Uranoscopiformes;Pinguipedidae;Parapercis;Parapercis allporti	0.9998578929353987
a9963f388512b188173909db61a794e6	Chordata;Actinopteri;Perciformes;Congiopodidae;Congiopodus;Congiopodus peruvianus	0.9999995755517735
4ae5491504af8a3ddafa8a304a38ca67	Unassigned	0.6578722765268099
8ab3339bad1dddbe2ca2734fe89faf52	Chordata;Actinopteri;Gadiformes;Moridae;Pseudophycis;Pseudophycis barbata	0.8668867498673888
be1f6a41310322800c52e45a7cc6b713	Chordata;Actinopteri;Uranoscopiformes;Pinguipedidae;Parapercis;Parapercis allporti	0.9994243129305154
f00fc422540eb470ae25445159a5677b	Chordata;Actinopteri	0.998413090023561
fae6a89d913bb4016fa48279d3d0fd98	Chordata;Actinopteri;Perciformes;Congiopodidae;Congiopodus;Congiopodus peruvianus	0.9999996925002865
9055330e0d68ce813f8bc29e7e4cc1f5	Unassigned	0.43627075109927305
6902c580863c956fcf4dc1f6c5c8c269	Chordata;Actinopteri;Perciformes;Congiopodidae;Congiopodus;Congiopodus peruvianus	0.9999990404889358
01eb226446b81045a28bb2eb7dca20e0	Chordata;Actinopteri;Syngnathiformes;Centriscidae;Macroramphosus;Macroramphosus scolopax	0.9999999999929088
e98bb8daf63516e5565c84dbb841fe78	Chordata;Actinopteri;Perciformes;Congiopodidae;Congiopodus;Congiopodus peruvianus	0.9999993429367207
fba833399321df8949128bafa4b150e9	Arthropoda	0.976984695971154
80d0138a1196394f2bfeec00759edd33	Chordata;Actinopteri;Perciformes;Congiopodidae;Congiopodus;Congiopodus peruvianus	0.9999996660577171
f345c72401704da4197f37633c74a055	Chordata;Actinopteri;Argentiniformes	0.9814334521125445
aabb9eb59c50d988eb84d9d79fedef84	Chordata;Mammalia;Primates	0.9550782267241873
0138b737e68936c27dc8c8e31c419e2b	Unassigned	0.35357508344237143
87cbae3a83ce712d8c2a276713442cd3	Unassigned	0.4817441369897323
5de4a0a483cea1f4a2003ee54d09a394	Chordata;Aves;Sphenisciformes;Spheniscidae;Megadyptes;Megadyptes antipodes	0.9999999098700455
066ed8897a2b00c8c2c7b1686ce316a4	Mollusca;Cephalopoda;Octopoda;Octopodidae;Enteroctopus;Enteroctopus megalocyathus	0.9999601769372439
0fe2114473dacdc8ce361cd6faf0fe4e	Unassigned	0.5234733140441984
2769c7b52b6b4f06b0259263a3d01233	Unassigned	0.44011614367995855
2abd705883869372ed26d30e167d7ed8	Unassigned	0.9502569165507979
ae2c4f9912811877a4dffd16f335f36e	Unassigned	0.46283228320528014
9cf46dceeee2953ba24f5e0802056729	Unassigned	0.3598813737666434
2725859babf7d840c00133e238807bf6	Chordata;Actinopteri;Uranoscopiformes;Pinguipedidae;Parapercis;Parapercis allporti	0.9998088155013811
40bc5ef990f065db7cc95f2b6e8d6c82	Chordata;Actinopteri;Uranoscopiformes;Pinguipedidae;Parapercis;Parapercis allporti	0.9998621757832449
4e39dda4a1e83507a6664489532ea4c3	Chordata;Actinopteri;Uranoscopiformes;Pinguipedidae;Parapercis;Parapercis allporti	0.9998001878712617
910423f58ad7bd813d9af9ab8e81e4ee	Chordata;Actinopteri;Uranoscopiformes;Pinguipedidae;Parapercis;Parapercis allporti	0.9999791904390971
326c79b84f37e89214e0fa21b11f71fc	Chordata;Actinopteri;Uranoscopiformes;Pinguipedidae;Parapercis;Parapercis allporti	0.9997834833323331
c92b5b05a859bc31cdf2903ea0768920	Chordata;Actinopteri;Argentiniformes	0.986901083651965
c50c8508662134413639e4ae2b00eb8b	Chordata;Aves;Sphenisciformes;Spheniscidae;Megadyptes;Megadyptes antipodes	0.9999998987664236
2101da5107fcaf718a65f3888f9b4b78	Chordata;Actinopteri;Centrarchiformes;Cheilodactylidae	0.9999990498524712
c259d34eb49f60bf4e99d63061a17fbd	Unassigned	0.30257358282441427
a8509d9c24c1c20962aa6eff3be3eda0	Chordata;Actinopteri;Uranoscopiformes;Pinguipedidae;Parapercis;Parapercis allporti	0.9998540152954252
fcbd622f43cd365fee865ba5a93f915e	Arthropoda	0.715632352705591
d73ab8d416739efe7dd895be006278a9	Unassigned	0.47108695450122795
43cd18ed05eae09a2fd21b09ecb5c71a	Chordata;Actinopteri;Perciformes;Congiopodidae;Congiopodus;Congiopodus peruvianus	0.9999998474090691
4fa5517c5ef3d68b9153a6a0a603b45f	Unassigned	0.9005927692041472
74b3bae2dea29e289fb5d2f400b53eec	Chordata;Actinopteri;Argentiniformes;Argentinidae;Argentina	0.7151032651257488
d30629be864fb855d858da1534159f9d	Chordata;Actinopteri;Perciformes;Congiopodidae;Congiopodus;Congiopodus peruvianus	0.9999997203766178
d585ed941442930ee413fa1d820bb308	Chordata;Actinopteri;Argentiniformes	0.9122791741882479
6d9268742129a6d697b721d3616605af	Unassigned	0.40097714816168584
ada3365aa08475bd5d2f17555b542928	Chordata;Actinopteri;Uranoscopiformes;Pinguipedidae;Parapercis;Parapercis allporti	0.9998916419108254
3a1d44b0b2015590a6e5fe8da2b0b3c9	Chordata;Actinopteri;Uranoscopiformes;Pinguipedidae;Parapercis;Parapercis allporti	0.9999999999999858
91cff9395f4f14b475746af1e7306df7	Chordata;Actinopteri;Uranoscopiformes;Pinguipedidae;Parapercis;Parapercis allporti	0.9997821990327458
55b80505b7dc56ac33defb6163256d97	Chordata;Actinopteri;Uranoscopiformes;Pinguipedidae;Parapercis;Parapercis allporti	0.9979918606081211
bb8704e9e4151329bef1d0630bc2f15b	Unassigned	0.33568078647835153
9139e03c423701423bc7d2efe292a0e2	Unassigned	0.5611486178144097
b01f802d5b590f61f89965274e1f3a8c	Arthropoda;Insecta	0.9625579712021873
f75449a3212bb18f098b3fbf7ce0c6fd	Chordata;Actinopteri;Uranoscopiformes;Pinguipedidae;Parapercis;Parapercis allporti	0.9998157367008029
f623124e1376ed3f5676fea817e7b07a	Arthropoda;Insecta	0.772942890979431
723df8e64c26890f3773d70e4a9e9094	Arthropoda	0.8734329454101234
d1fac38a6cf4e9fdf88f2bfd7766a299	Arthropoda	0.7103430223236465
d78d40f052a283fd0bf7c7ec498724ad	Chordata;Actinopteri;NA;Emmelichthyidae;Emmelichthys;Emmelichthys nitidus	0.9999999746280966
1a438206f5ee301afe55393d25a92170	Chordata;Actinopteri;Scombriformes;Centrolophidae	0.9270284315364122
c08ca3275699dcbf004f287ed47bf12f	Chordata;Actinopteri;Argentiniformes	0.9493732707985729
2f212a105a900f70941a374af0d57abc	Unassigned	0.35861264935535775
284567510a33455568bf196515f82cab	Chordata;Actinopteri;Uranoscopiformes;Pinguipedidae;Parapercis;Parapercis allporti	0.9999629781347968
54484c9e86f0cce365f99037edd1c1d4	Chordata;Aves;Sphenisciformes;Spheniscidae;Megadyptes;Megadyptes antipodes	0.9999994792236256
e6999ede99df1dfb4d5f3150059c3f1b	Chordata;Actinopteri;Perciformes;Congiopodidae;Congiopodus;Congiopodus peruvianus	0.9999991161738178
27fd59a60d6104a3aca7b3086118b6d8	Chordata;Actinopteri;Perciformes;Congiopodidae;Congiopodus;Congiopodus peruvianus	0.9999992285789139
44ad5ac1c57a6633e6311e3c467cb0c2	Chordata;Actinopteri;Uranoscopiformes;Pinguipedidae;Parapercis;Parapercis allporti	0.9997448308008317
05b83ec6f29c2fe0c7a5735f618f196d	Unassigned	0.8597409139180024
fd9b9200915f2af48cc91c743d4e90f3	Unassigned	0.34314810373305915
dc4d118a035f70a00efbc6e23adcfa2e	Chordata;Actinopteri;Uranoscopiformes;Pinguipedidae;Parapercis;Parapercis allporti	0.9991574531933419
e2a62be20d743172387fea91676c1d00	Chordata;Actinopteri;Argentiniformes;Microstomatidae	0.7167530766350368
2f216676bf824b413a7b66ba8fb8a4f7	Unassigned	0.7932561163614539
7435cee8eb48a3e87d8e2e3965721e95	Unassigned	0.3509167509860347
0259992a332d2cce69f0576d1e454d62	Arthropoda	0.7633228126821066
ec7937d8f0d0f8eb7593b34f3ca97dad	Mollusca;Cephalopoda;Octopoda;Octopodidae;Octopus	0.9367448555512286
48eede2b845c4eb5b7c63fabc276dca4	Chordata;Actinopteri;Argentiniformes	0.9812541656955679
ebb4c3b9498adf7b5873260f73a99439	Arthropoda;Insecta	0.8297960866221921
fa0f82d8b3f9b6c1377802e3ab411fa0	Chordata;Actinopteri;Centrarchiformes;Cheilodactylidae	0.9999989658346761
6f1f6f82efb545e35bface956abe4af1	Chordata;Aves;Sphenisciformes;Spheniscidae;Megadyptes;Megadyptes antipodes	0.9999999101376074
6d1062b4b0b7ce185c9590287386842a	Arthropoda;Malacostraca;Decapoda;Polybiidae;Brusinia;Brusinia profunda	0.8627184396352351
4fad18ab5526acd399120f82f3fb5616	Chordata;Actinopteri;Uranoscopiformes;Pinguipedidae;Parapercis;Parapercis allporti	0.9996579938707411
2411bce3930a2ed8f408340243460aef	Unassigned	0.8817482448566976
03f1eefe227ec2682de371154bc0c486	Chordata;Actinopteri;Uranoscopiformes;Pinguipedidae;Parapercis;Parapercis allporti	0.9981155688995229
b4c4c502fde0dcab469c1556ae6ee9da	Unassigned	0.4503058584199482
0efd1b74afd16eb7e80152591c1b9926	Chordata;Actinopteri;Uranoscopiformes;Pinguipedidae;Parapercis;Parapercis allporti	0.9999166639611781
cb1f7803cd897c32718f409e48ff6f0d	Chordata;Actinopteri;Perciformes;Congiopodidae;Congiopodus;Congiopodus peruvianus	0.9999992749203628
a5881b54c6acb29177b787916f9b67da	Unassigned	0.4078994842536572
6f5d64240122baa26df2c37c752b839f	Unassigned	0.36166012883327114
9a70d5fcaa7446a3b6a263e80bb78d87	Chordata;Actinopteri;Argentiniformes	0.9752613468777871
05f015deb5943098f8002375f79783ec	Chordata;Actinopteri;Uranoscopiformes;Pinguipedidae;Parapercis;Parapercis allporti	0.9989970999497703
d9814e63e2e3f74626946ae257f0f3e0	Chordata;Actinopteri;Perciformes;Congiopodidae;Congiopodus;Congiopodus peruvianus	0.9999991528509504
cb2391f3b320c9b9132b392226570566	Chordata;Actinopteri;Perciformes;Congiopodidae;Congiopodus;Congiopodus peruvianus	0.999997487332225
d559e7d1286a95760fa2dfc84d95bcd1	Chordata;Actinopteri;Perciformes;Congiopodidae;Congiopodus;Congiopodus peruvianus	0.9999997914444738
94ba4ca5f40c98495934dd8c5c0e335c	Chordata;Actinopteri;Uranoscopiformes;Pinguipedidae;Parapercis;Parapercis allporti	0.9995044995383405
839a68b77d88db2e2765574d88b91a30	Unassigned	0.4903340586335756
b15f2f4f85dfd3ef8e009432948d77e4	Chordata;Actinopteri;Argentiniformes;Microstomatidae;Nansenia	0.7079588297557465
29c839bcd46c4de4a64d84ced4908464	Arthropoda	0.7890820944635979
800850174f67d4038df88d3e7ebb319f	Chordata;Actinopteri;Perciformes;Congiopodidae;Congiopodus;Congiopodus peruvianus	0.9999994536295347
7eef120399e72a68c323183dc653ad88	Unassigned	0.3321231987113187
b29d589bf21faa34bb6b043af9169d43	Chordata;Amphibia;Anura;Pipidae;Xenopus;Xenopus laevis	0.9999931380497985
7be9e75694cb9cc04ad555d1244cf0e5	Arthropoda	0.7903305737431725
97e414e6d8045093f461dfe2f5853ef6	Arthropoda;Insecta;Coleoptera;Staphylinidae;Stenomalium;Stenomalium helmsi	0.9881443658905352
b733d094e5344e2442eda105810f17a4	Chordata;Actinopteri;Syngnathiformes;Centriscidae;Macroramphosus;Macroramphosus scolopax	0.9999999999723599
48098820f36501ea57524cfd57f63c4b	Chordata;Actinopteri;Perciformes;Congiopodidae;Congiopodus;Congiopodus peruvianus	0.9999998360798364
f2831ee2f7425856b9f7318f225f63b6	Chordata	0.7119349440967986
db8a560bc7baa5faa2e52d2e61506b3f	Chordata;Actinopteri;Argentiniformes;Argentinidae;Argentina	0.7695075324754412
c72c03ae580702c5b2fab8018337fbe0	Chordata;Mammalia;Carnivora;Felidae;Felis	0.9999999658092655
83fe11e82662be7ea50c45b097a63ee2	Annelida;Polychaeta;Phyllodocida;Nereididae;Platynereis;Platynereis dumerilii	0.994415910591669
1d474de61c60a952d960902e1125ead0	Chordata;Actinopteri;Uranoscopiformes;Pinguipedidae;Parapercis;Parapercis allporti	0.9998181513644294
f94a9a34e8b8af9a4ac68487fdb893fe	Chordata;Actinopteri;Argentiniformes	0.9695643817577527
17937bb2f75abe37bfd3114c57890ca2	Chordata	0.7245398337326456
d73914170735b289029c5d8e3706a58f	Mollusca;Cephalopoda;Teuthida;Ommastrephidae;Nototodarus	0.9999999016099931
dc28c973b9478e83badc7a0db8269f0f	Chordata;Actinopteri;Perciformes;Congiopodidae;Congiopodus;Congiopodus peruvianus	0.999999585964702
eef10d22c237dd92b99241316e14f2d8	Chordata;Actinopteri;Argentiniformes	0.9837980682362389
09ed2a704c77fc3977aae3e498e0bb6f	Unassigned	0.7970478153644476
62de34f64833c7d2490aa5a6b9999da1	Unassigned	0.37752921483807755
87972b299363e586b44844d8ea8388af	Chordata;Actinopteri;Argentiniformes	0.9810280237256801
35e37d4d8acc27aab6dc4ba70ce94c7c	Unassigned	0.35750346374423836
3145fcbdff8f74059394956f90965b3e	Chordata;Actinopteri;Perciformes;Congiopodidae;Congiopodus;Congiopodus peruvianus	0.9999991166186029
183970c6e29d8acb30bee5df75e2ecd9	Arthropoda	0.7397113525149189
5ac2cc7c2ef6a24384a95cff0d56d09e	Chordata;Aves;Sphenisciformes;Spheniscidae;Megadyptes;Megadyptes antipodes	0.9999997806592901
6b647fcccb51f5f493b49e4eab007306	Chordata;Actinopteri;Perciformes;Congiopodidae;Congiopodus;Congiopodus peruvianus	0.9999994417088511
81c0da1a86755f4937995570a3933e65	Chordata;Actinopteri;Uranoscopiformes;Pinguipedidae;Parapercis;Parapercis allporti	0.9989849608695334
358627abceb8e8bd92113a597f58a767	Chordata;Actinopteri;Perciformes;Congiopodidae;Congiopodus;Congiopodus peruvianus	0.9999984455712083
90146692768bda75b68b0a08fd5e875c	Chordata;Actinopteri;Uranoscopiformes;Pinguipedidae;Parapercis;Parapercis allporti	0.9980034260572515
93a1f3dbbb2ee9bbd06612b4b8d400e3	Chordata;Actinopteri;Perciformes;Congiopodidae;Congiopodus;Congiopodus peruvianus	0.9999980936272247
925cc122e40b320f253e8f0f23c30083	Chordata;Actinopteri;Uranoscopiformes;Pinguipedidae;Parapercis;Parapercis allporti	0.9970005145376364
7b724aaa7e466bc94662ca62ee5d2700	Chordata;Actinopteri;Perciformes;Congiopodidae;Congiopodus;Congiopodus peruvianus	0.9999991979302313
40e5529500cfcb2a251d086c1382d69a	Chordata;Actinopteri;Uranoscopiformes;Pinguipedidae;Parapercis;Parapercis allporti	0.9998827961822081
d7597395c9e9c1008f366d92a0f4f98c	Unassigned	0.4462766747819573
d798533fc04dd91cec053b50292334fa	Unassigned	0.3757980682527762
520e4c3d34fdeb2a1c0729ad0145f8c7	Unassigned	0.344035347367462
196fae390f82180becf258a5830a8e11	Chordata;Actinopteri;Argentiniformes	0.9795877687132986
7678928938e8a72ddd03aa72de6584f7	Chordata;Actinopteri;Uranoscopiformes;Pinguipedidae;Parapercis;Parapercis allporti	0.9970744236875062
735a6d997547e05a1c4d0362054eed8c	Chordata;Actinopteri;Argentiniformes;Argentinidae;Argentina	0.7197174986116497
11fbcc631eecddfdddbb2a1be0465719	Chordata;Actinopteri;Argentiniformes;Microstomatidae;Nansenia	0.7244746997305658
9037b2c2b0a13f8e0d4733dfe6eaeac7	Unassigned	0.4282263371771281
96503e0ab2f338e9f1283914e0108f95	Unassigned	0.3201181595493533
c52422804486b2a50c3e64c960971235	Arthropoda	0.707762757429979
d942c6f77661ec8e20cbbb6ea222c031	Chordata;Actinopteri;Uranoscopiformes;Pinguipedidae;Parapercis;Parapercis allporti	0.9996001761686925
ceac359c246079247c83f01ba63344bd	Unassigned	0.3914494266301295
a6c0378257dce66da7ab4d6568d0cf7a	Mollusca;Gastropoda	0.9277618406046364
77adb6fbedac6b38e8dcd0d57d77adc1	Chordata;Actinopteri;Argentiniformes;Microstomatidae	0.796834344943338
26d961ec7a26693e13f021649388dd2a	Chordata;Actinopteri;Argentiniformes;Argentinidae;Argentina	0.7324228266251935
4d254af2380bbae16affa331f33bfd02	Chordata;Actinopteri;Perciformes;Congiopodidae;Congiopodus;Congiopodus peruvianus	0.9999994552937812
a04cede0d8b1937cb95760b2cd11e868	Chordata;Actinopteri;Argentiniformes	0.966119507029173
abebc7e59dd6fcd3818ec37eaef3630b	Chordata;Actinopteri;Argentiniformes	0.9771194195153032
9e50ae0a9ab6e2204c2d5d4facdb0416	Chordata;Actinopteri;Uranoscopiformes;Pinguipedidae;Parapercis;Parapercis allporti	0.9997783986105936
13e76349b0d8fcf535f1a5b2dbc3c111	Chordata;Actinopteri;Argentiniformes;Microstomatidae	0.7526605028599698
71eac64c62d51a4669c584ec107f8685	Chordata;Actinopteri;Perciformes;Congiopodidae;Congiopodus;Congiopodus peruvianus	0.999999680085702
3850de3ac592ef06a492caf81b6bcc2d	Chordata;Actinopteri;Uranoscopiformes;Pinguipedidae;Parapercis;Parapercis allporti	0.9976862739438115
0acd873c323ce8f4ddef584f3a86c2f2	Unassigned	0.855838724270471
f5dcc809390a133f7c5e0a6b008758e3	Chordata;Actinopteri;Argentiniformes;Microstomatidae	0.7418527249509227
e4018dfa1ae2a43fd21cb23e389289e7	Arthropoda	0.7461152760700802
3a7cff95e73a2a216cf18bd61893190c	Chordata;Actinopteri;Argentiniformes	0.9781075689203806
c717b71485c88353f56647d529763672	Chordata;Actinopteri;Perciformes;Congiopodidae;Congiopodus;Congiopodus peruvianus	0.9999991213052534
abdbff84794a17daf3a730f9e263356d	Unassigned	0.4401067801086329
e6ba09e173f55e7c3fc854e6028c4d28	Chordata;Actinopteri;Uranoscopiformes;Pinguipedidae;Parapercis;Parapercis allporti	0.9996871568409842
26977b4d492cfbe142cc47890b27a683	Chordata;Actinopteri;Perciformes;Congiopodidae;Congiopodus;Congiopodus peruvianus	0.9999989839393254
437d40b6250df6a777f8799bcf4aa2d8	Chordata;Actinopteri;Argentiniformes;Microstomatidae	0.759434750273225
382ae4583a580ed46478b02843d2cca6	Arthropoda	0.7843845649600459
78d5dccdab03d39dc5e24f610eecaa8a	Chordata;Actinopteri;Uranoscopiformes;Pinguipedidae;Parapercis;Parapercis allporti	0.9975501844317239
11a3a360aa6b1d51358a8822b8ec2a24	Chordata;Actinopteri;Perciformes;Congiopodidae;Congiopodus;Congiopodus peruvianus	0.999999831077716
8582ae135b37292d1200b83db11cbed1	Chordata;Mammalia;Primates;Hominidae;Homo;Homo sapiens	0.9326896429687396
2953450d4e9d0a0504f8bc8428b48f5a	Chordata;Actinopteri;Argentiniformes	0.9730769038480808
32ade6d3673c0c0b71739092848eb928	Chordata;Aves;Sphenisciformes;Spheniscidae;Megadyptes;Megadyptes antipodes	0.9999999075381155
0676dae7c26c44a7716e3550a74c98ec	Chordata;Actinopteri;Argentiniformes;Microstomatidae	0.8564416509133489
7a0b4811b4b9f03c6dced1b87e162427	Arthropoda	0.759267909466278
baffc2be4690c34efb1db6cc77090bc0	Unassigned	0.32697593277804715
80df4724f5f7e85b294ef8fddcf462a5	Chordata;Actinopteri;Centrarchiformes;Cheilodactylidae	0.9999478606768244
6967e2cd8df2358bd601cb761e42a180	Chordata;Actinopteri;Argentiniformes	0.966344626835291
78ae533b0796dda1f0e33db020c11a04	Chordata;Actinopteri;Clupeiformes;Clupeidae;Sprattus;Sprattus muelleri	0.9983709370825804
179fae3b7482377862a65a2c7f6ccfda	Chordata;Actinopteri;Argentiniformes;Argentinidae;Argentina;Argentina sialis	0.718823266021479
ca61c26e051e1d68c0a8923f22108c76	Unassigned	0.3673425914288294
3c32d823a4d04dd2cb29f076a1c07bce	Unassigned	0.40645269762083547
0d058fb7afea31b47ba417e1a75a186c	Unassigned	0.354665670410132
d0671e96b2e23025a9ede1924b299241	Chordata;Actinopteri;Uranoscopiformes;Pinguipedidae;Parapercis;Parapercis allporti	0.9999233227129423
5b5d5f6e03ea27fa8c5b1a39b4018d2a	Chordata;Actinopteri;Labriformes;Labridae;Notolabrus;Notolabrus fucicola	0.9989930209799464
3e3f721f084fc4c0ab92dcd5bb4b66df	Chordata;Actinopteri;Scombriformes;Centrolophidae	0.9076872303773292
efc32e9b1932adf488dea9d451971331	Chordata;Actinopteri;Argentiniformes	0.98586864705449
f78cb45ba9a0dc9e7f9092f65e0a3964	Chordata	0.7280204092317393
fc4cfefda02226e78f17d97818e69dda	Chordata;Actinopteri;Centrarchiformes;Cheilodactylidae	0.99999349178298
3862f97192f8608b774fce351058ac98	Chordata;Actinopteri;Perciformes;Congiopodidae;Congiopodus;Congiopodus peruvianus	0.999986251840473
2439450db7376fb1e8c9ccc64ef46703	Chordata;Mammalia;Primates;Hylobatidae;Symphalangus;Symphalangus syndactylus	0.9996174203449558
4534156acf5f94e2fed474c67d448c33	Chordata;Actinopteri;Centrarchiformes;Cheilodactylidae	0.9999991049535538
693db662b269ea0071ddf2eceb9c432f	Chordata;Actinopteri;Argentiniformes	0.980391045410604
78b279a07beb6ef41cf161d4f7888a4a	Echinodermata	0.7076619538707258
dd3569823d7fa6a289b5e956215f3edb	Arthropoda;Hexanauplia;Calanoida;Calanidae;Calanus;Calanus pacificus	0.9999747678769049
1a63c211f864eb061b1b6506aa651717	Unassigned	0.3724036449962509
c30f2b819ae5b3a133539ee0b231b9ea	Chordata;Actinopteri;Perciformes;Congiopodidae;Congiopodus;Congiopodus peruvianus	0.9999995823405945
ec0d3523dc55d5499b490f1e9caad065	Chordata;Actinopteri;Uranoscopiformes;Pinguipedidae;Parapercis;Parapercis allporti	0.9998671000363051
916ac692620505d41755c01ad8f64282	Chordata;Actinopteri;Argentiniformes	0.9771980100942322
185c7480da88ea7065f46bd0e303049c	Unassigned	0.32569024271017954
85f885cb86941002718a1153c738c2c2	Unassigned	0.3311836015943933
2bbb356122cad312dc66b66b5ba821f5	Chordata;Actinopteri;Uranoscopiformes;Pinguipedidae;Parapercis;Parapercis allporti	0.9998369787747761
4b1fdd0e585ec3dca9086407dd7bf9e8	Chordata;Actinopteri;Uranoscopiformes;Pinguipedidae;Parapercis;Parapercis allporti	0.9975473302680263
981a11d681183a10149e5cf0306265bb	Chordata;Actinopteri;Syngnathiformes;Syngnathidae;Vanacampus;Vanacampus phillipi	0.8924559168539059
9dcc193ecbe70072a06019e597f8dffa	Unassigned	0.8185520700188847
f43a15b7816e6a20e4b0f8dfe3e57a75	Unassigned	0.4418108930210862
07f6dc2aecb84e57f6846da700496883	Chordata;Actinopteri;Perciformes;Congiopodidae;Congiopodus;Congiopodus peruvianus	0.9999988877587004
e49060f2240c3158700e6b675a4850a3	Chordata;Actinopteri;Perciformes;Congiopodidae;Congiopodus;Congiopodus peruvianus	0.9999995759551628
35efb04eb8dddb9cbe9734a1d2227ecc	Unassigned	0.38038132732634977
091f54fdff13d0cecb895857512a96a5	Unassigned	0.44051691009299065
12be0866ca7b40ad19f5f9fbc1a01308	Chordata;Actinopteri;Uranoscopiformes;Pinguipedidae;Parapercis;Parapercis allporti	0.9990003561529802
d3005f7a121c1994967cfef5848a4c14	Chordata;Actinopteri;Uranoscopiformes;Pinguipedidae;Parapercis;Parapercis allporti	0.9997576545459382
8167fd0f02383113a51bce61136d64a2	Unassigned	0.36640335788609624
b0bf12151b575c8fb3a2d645a43fca59	Chordata;Actinopteri;Uranoscopiformes;Pinguipedidae;Parapercis;Parapercis allporti	0.9986882047028494
d33a452426063904cd2a863932708a77	Chordata;Actinopteri;Uranoscopiformes;Uranoscopidae;Kathetostoma;Kathetostoma giganteum	0.9999893579002448
94e653ba9de736fe12163fc2071bbb7c	Arthropoda;Insecta	0.9613277126467505
f0ed8d3314999100b072f3c6db5a5251	Mollusca;Cephalopoda;Teuthida;Ommastrephidae;Nototodarus	0.9999992073796368
408bdf4cca6ec4b2380bf1dd42e26735	Chordata;Aves;Sphenisciformes;Spheniscidae;Megadyptes;Megadyptes antipodes	0.9999995267952198
7dd8fab1a0654d46934a966942b5486e	Chordata;Actinopteri;Argentiniformes	0.9658179453099676
7caa02653d561507fc8af3e7f92a455b	Chordata;Actinopteri;Uranoscopiformes;Pinguipedidae;Parapercis;Parapercis allporti	0.9993106747857426
a47ca7143bc04c08efddecf990b5842d	Unassigned	0.8611363765638924
891cd030a4601658978f13013f1afa42	Unassigned	0.43826052019095374
a1da86ecbe812f0e94a2d9f6cb6e5c68	Arthropoda	0.9047589979757036
b1a9d73f48617523b84f5fd07f9f2cf2	Chordata;Mammalia;Carnivora;Otariidae;Phocarctos;Phocarctos hookeri	0.9999892593671538
7176607be1780ecca1fbe46834d3de8a	Unassigned	0.43207380131080797
f0fd22262eaa9572afc9b5ee5a2aa1a5	Unassigned	0.34560305174040373
4886d58387708249f3d43d8538aaffe5	Unassigned	0.37775065958635057
d977703a7144ff204eb10ed33e4335df	Chordata;Actinopteri;Perciformes;Congiopodidae;Congiopodus;Congiopodus peruvianus	0.9999997793341707
ddd351dfc11854014f875bb29c123351	Unassigned	0.38111441774548493
976e84bdb96391a96c93180c30036f03	Chordata;Actinopteri;Perciformes;Congiopodidae;Congiopodus;Congiopodus peruvianus	0.9999994226980636
fc6f0aa1c2ab1489a2a01baf42e7de8b	Unassigned	0.516558597900495
c2b6703caaa71601d48bc41ba5e18bf9	Arthropoda;Malacostraca;Decapoda;Cancridae;Cancer;Cancer pagurus	0.9250502551615553
450843fd003eee455c125f1ba491b43b	Chordata;Actinopteri;Perciformes;Congiopodidae;Congiopodus;Congiopodus peruvianus	0.9999997548172689
687e3d34b17f982126974a1f192e70f9	Chordata;Actinopteri;Syngnathiformes;Syngnathidae;Vanacampus;Vanacampus phillipi	0.9112573396513219
b7c50940cc8b3016fa4f79def8c5d347	Chordata;Actinopteri;Uranoscopiformes;Pinguipedidae;Parapercis;Parapercis allporti	0.9999963370765538
c8d56bd8c5425b6f3a81257e9cb0abd5	Chordata;Actinopteri;Uranoscopiformes;Pinguipedidae;Parapercis;Parapercis allporti	0.9989111405257168
76f494bc2e6418505f02a3fed3125a5b	Chordata;Actinopteri;Perciformes;Congiopodidae;Congiopodus;Congiopodus peruvianus	0.9999963904955876
9853235f59f31f8c357b4181bb7aac21	Chordata	0.8066442766889826
2aadd0d56aaa599621ad7d6451c3242c	Chordata;Actinopteri;Argentiniformes	0.9782586911778878
1f736361a9cf333a7844244660b426c1	Chordata;Actinopteri;Perciformes;Congiopodidae;Congiopodus;Congiopodus peruvianus	0.9999958846372705
92740030d085d5628de6f8a9e6317632	Unassigned	0.43700019942745827
dd7789337b0ca6c7afd6e2bccd4a82e8	Chordata;Actinopteri;Argentiniformes	0.9835917633848925
5eb1158128d1c11fe94ab127f2d4362e	Chordata;Actinopteri;Uranoscopiformes;Pinguipedidae;Parapercis;Parapercis allporti	0.9999618006419414
59c64fd8bb43a067f8a7d09a20ee313a	Chordata;Actinopteri;Uranoscopiformes;Pinguipedidae;Parapercis;Parapercis allporti	0.9999000861720333
cf3e9d45b7efcf7945a9728ef56b41a4	Unassigned	0.8521146647539526
b3539553063f2daf48445ea9fc5c4561	Chordata;Actinopteri;Argentiniformes	0.9813617092050485
c32acd452595dc27adc6777650ec1466	Unassigned	0.44578712058842573
6fc7c99d412d20d3379406e8ba06a00f	Chordata;Actinopteri;Perciformes;Congiopodidae;Congiopodus;Congiopodus peruvianus	0.9999944534722319
4f6f922ac17205d92c6242b85c1a0744	Arthropoda;Insecta	0.9047547550995632
cbb23f880b6e10fd3cd1cef20663a5f3	Chordata;Actinopteri;Uranoscopiformes;Pinguipedidae;Parapercis;Parapercis allporti	0.9999242949797152
c4c51d3cd7b58f90c020bc2e0ed9f56b	Mollusca;Cephalopoda;Octopoda;Octopodidae;Octopus	0.9142408665404483
4b26ed33e17ee81252291bffcf268fcc	Chordata;Actinopteri;Uranoscopiformes;Pinguipedidae;Parapercis;Parapercis allporti	0.9997445508531864
edd69682ce3cc2a3fbf36be7ae200cb7	Unassigned	0.3444123551962571
557e7eee5608b7daaefc2a87d9d0a918	Chordata;Actinopteri	0.9630781568463233
1adab2c9e1fd1fe9f3b47f91dd463f8f	Chordata;Actinopteri;Perciformes;Congiopodidae;Congiopodus;Congiopodus peruvianus	0.9999992700876098
29afd6a887821a54ecc2701575ee2735	Chordata;Actinopteri;Perciformes;Congiopodidae;Congiopodus;Congiopodus peruvianus	0.9999981972850285
9e73efb7a2c456afc85fee0d5ee6c3d0	Chordata;Actinopteri;Argentiniformes	0.9832541256463728
6ecea13b69053780004d8e49da770358	Chordata;Actinopteri;Argentiniformes;Microstomatidae	0.7309488661863336
25f9ab211f6349ade76049d768c33685	Unassigned	0.8563764294657906
1ecf97c9418d688d288ed66fe694075a	Chordata;Aves;Sphenisciformes;Spheniscidae;Megadyptes;Megadyptes antipodes	0.9999979353623727
2ee13634e963f130b0bc51b5002e97a5	Chordata;Actinopteri;Argentiniformes	0.9846026575250848
1f467f7bcfcd2a5a83b1772abe17c400	Chordata;Actinopteri;Argentiniformes	0.9719487770942115
6923df319d75ca824001eaf86da48dc4	Arthropoda	0.8654447248275271
25991c23ccdd9b7664d7b2a3184d81e7	Chordata;Actinopteri;Argentiniformes;Microstomatidae	0.7790848026550036
bd711134a460171ebd31f5219cd9e67e	Unassigned	0.39275607357183717
2464d805c57f51bf7cd0386635144014	Unassigned	0.4716100185506946
956b381754d4dfd8a015b8a859c77570	Chordata;Actinopteri;Perciformes;Congiopodidae;Congiopodus;Congiopodus peruvianus	0.999999702483679
525ab14107162057048473f9d41a2769	Unassigned	0.3728772550181574
8a2f412f847e45bcbec5a65b52d5313c	Chordata;Aves;Sphenisciformes;Spheniscidae;Megadyptes;Megadyptes antipodes	0.9999999026083278
f2639b3ca3042fe7773c6bc5e314d763	Chordata;Actinopteri;Uranoscopiformes;Pinguipedidae;Parapercis;Parapercis allporti	0.9996358938096607
5b72ad0a0f3c0c34cf3ad6a0f26bfe6b	Arthropoda;Insecta	0.7543766467478756
8fb00def2e87a280074e983a15200966	Arthropoda;Insecta	0.8462484610697777
2c524b4c71fbed3e024738deca8bdc28	Chordata;Actinopteri;Perciformes;Congiopodidae;Congiopodus;Congiopodus peruvianus	0.9999997725968203
d8f1cb263a65aae4d9e5dedd70e98445	Chordata;Actinopteri;Argentiniformes;Microstomatidae	0.8481862242108297
24d226ae60bcd46e969c832fe75b5d07	Chordata;Actinopteri;Argentiniformes	0.9563393396164309
920251b52a4428fc51aad35f8f4c4e88	Chordata;Actinopteri;Uranoscopiformes;Pinguipedidae;Parapercis;Parapercis allporti	0.9889069748515871
90f75e1e1afe902f72887248fb46ed26	Chordata;Actinopteri;Uranoscopiformes;Pinguipedidae;Parapercis;Parapercis allporti	0.9934843104193789
77cd23f39f029067bce216e59d141bc5	Chordata;Mammalia;Rodentia;Muridae;Rattus;Rattus rattus	0.9999243220591633
c064ea5391874d2bda73617a29d696eb	Unassigned	0.5111516534990009
3a3ce85f3ea79b35e201665ebbb055f4	Unassigned	0.3605100323896877
23b2aa1ba6b57e0c083086542eed9b3d	Chordata;Actinopteri;Argentiniformes;Microstomatidae;Nansenia	0.7651236830220686
bd21f10f0fd25b1347da8a21b022df59	Chordata;Actinopteri;Argentiniformes	0.9845237664737401
dfb1be6e2caa9a59c314fd1f6be2461a	Chordata;Actinopteri;Perciformes;Congiopodidae;Congiopodus;Congiopodus peruvianus	0.9999989266127832
6d715aa1af7026d839f12fe89ff40c23	Chordata;Actinopteri;Perciformes;Congiopodidae;Congiopodus;Congiopodus peruvianus	0.9999980208824839
14e6f523b0dde2fe807fff0d7f2b3958	Chordata;Actinopteri;Uranoscopiformes;Pinguipedidae;Parapercis;Parapercis allporti	0.9981817361664476
3de7930382cee5a12500866fd7b7ed60	Unassigned	0.37748863477841477
874a9d14f61a2179c9d628e1797ab276	Unassigned	0.3479778406411269
adc832e3a83c2c9fd7137087b0165266	Chordata;Actinopteri;Scombriformes;Centrolophidae;Seriolella;Seriolella brama	0.8844435372628081
9da772c63a8b96f56118929b30f4e4fa	Chordata;Actinopteri;Uranoscopiformes;Pinguipedidae;Parapercis;Parapercis allporti	0.9994881870014586
5bd1686dbe03d04e75a6e24b9922a8ee	Chordata;Mammalia;NA;Suidae;Sus;Sus scrofa	0.9866008480875079
4b6f47bae121915677f4145dc65950a2	Unassigned	0.8004243330599299
cc32af6be195714ee0f6ab1c8286a5e1	Chordata;Actinopteri;Perciformes;Congiopodidae;Congiopodus;Congiopodus peruvianus	0.9999997852561595
70177f24350e7aac72c57dce9f77cbd6	Chordata;Actinopteri;Argentiniformes;Microstomatidae	0.7309476971617872
0020cdca4a76ec1805a61d187c5cbc2c	Chordata;Actinopteri;Uranoscopiformes;Pinguipedidae;Parapercis;Parapercis allporti	0.9999843082987286
5b40472c3f7391598efa144b240c2dc3	Chordata;Actinopteri;Uranoscopiformes;Pinguipedidae;Parapercis;Parapercis allporti	0.9998530371960306
fb048172123ba030196b5652f08fe2b4	Unassigned	0.37113036440806446
563b557293a285f574761732c00f2648	Chordata;Actinopteri	0.998518627121296
3c6eeb188b9ea8cccffaf080aa46240e	Unassigned	0.38154090196190815
3e92c8ae10a83f19fa510d34cb77161c	Chordata;Actinopteri;Argentiniformes	0.9834224681485693
a03fad1e87452c18c8ec5f17bb4ecc9c	Chordata;Actinopteri;Uranoscopiformes;Pinguipedidae;Parapercis;Parapercis allporti	0.9998155521590767
ad73493ddbfc4259d7e3f1525cd0a4d0	Chordata;Actinopteri;Argentiniformes	0.8285111348208039
2c5877e80c29d1eb2bb1a076af579d68	Chordata;Aves;Sphenisciformes;Spheniscidae;Megadyptes;Megadyptes antipodes	0.9999996017432775
eaff51c5f25411d7b277851c39df9c50	Arthropoda;Insecta;Diptera;Psychodidae;Psychomora;Psychomora mycophila	0.8116392404834523
6edc1611f5e52360c431ac55a5ff8920	Unassigned	0.3998861127804223
4efe80535d82f6a011515bf6a7b2be05	Unassigned	0.771938219072792
ff927a99d13b15f97b5bc1b03a0814ad	Chordata;Actinopteri;Uranoscopiformes;Pinguipedidae;Parapercis;Parapercis allporti	0.9986970789713209
6610bb18f1a843cfc68ac08cc77434e1	Chordata;Actinopteri;Uranoscopiformes;Pinguipedidae;Parapercis;Parapercis allporti	0.9943529795097228
e00cbaa6f0a479a8306cc38486f7cfd4	Chordata;Actinopteri;Argentiniformes	0.9824573752251906
5e26131cd8c42df90a10e9aa60b366d9	Unassigned	0.42582786188900945
625e39c343638b49052f20e0ef4612e9	Unassigned	0.319209451504892
2c5ae51eac32af4c9ef9380ceb41f18e	Chordata;Actinopteri;Perciformes;Congiopodidae;Congiopodus;Congiopodus peruvianus	0.9999991512311701
e0968282546865243338d9780d9be99a	Chordata;Actinopteri;Centrarchiformes;Cheilodactylidae	0.9999897349145048
1eb2b5655b0198202f437bcf1b9870d7	Unassigned	0.6870614360810614
caadb0a12db42fde49eb6706b67188e7	Chordata;Actinopteri;Uranoscopiformes;Pinguipedidae;Parapercis;Parapercis allporti	0.9967525863041918
a4249d35fec22006d38e409397e005bd	Chordata;Actinopteri;Uranoscopiformes;Pinguipedidae;Parapercis;Parapercis allporti	0.9999999999994458
6e1a4d40a886120545e80fe9471a30eb	Unassigned	0.5473428875215531
cbc713f26cf28390fb175623e1418ab4	Arthropoda;Malacostraca;Decapoda;Polybiidae;Brusinia;Brusinia profunda	0.9727109355186377
34ec7c4eaf5a3de9e4d54d4ce3aad1e2	Unassigned	0.6062752063317556
6930e78eabb827c3fe593d1ea054cfcb	Chordata;Actinopteri;Uranoscopiformes;Pinguipedidae;Parapercis;Parapercis allporti	0.999777941967056
f65b86613e7c1b58b27ab402bac5cf55	Chordata;Mammalia;Diprotodontia;Phalangeridae;Trichosurus;Trichosurus vulpecula	0.9999998183875812
6ee34bf343995b1cbdf39564628b5a00	Chordata;Actinopteri;Centrarchiformes;Cheilodactylidae	0.9999991314239317
d8359658e7798dbc8decb6f56d8b31b4	Chordata;Actinopteri;Perciformes;Congiopodidae;Congiopodus;Congiopodus peruvianus	0.9999996076403393
8b654e2b230296822e6f396cb7b51211	Chordata;Actinopteri;Uranoscopiformes;Pinguipedidae;Parapercis;Parapercis allporti	0.9994526881885766
3d498cbbbf737f3c7321387ea27c63f6	Chordata;Actinopteri;Uranoscopiformes;Pinguipedidae;Parapercis;Parapercis allporti	0.9982027261541934
a101a25459d4af8a8f47d260c8c8c81d	Chordata;Actinopteri;Syngnathiformes;Centriscidae;Macroramphosus;Macroramphosus scolopax	0.9999999999578932
0245cfbfdc88820b0bb9440d75ec9f2d	Chordata;Aves;Sphenisciformes;Spheniscidae;Megadyptes;Megadyptes antipodes	0.9999997596036541
ba81088065d624a007d46c13212a9a68	Chordata;Actinopteri;Uranoscopiformes;Pinguipedidae;Parapercis;Parapercis allporti	0.9998738828139104
290b3195f0bee07c4c979578fdb3a646	Arthropoda	0.7918864151039415
1849d92234d15c415a31f51d9d69c39f	Unassigned	0.4083947030777786
0ac7f82bc9847020b779d624d3e10bf8	Chordata;Actinopteri;Uranoscopiformes;Pinguipedidae;Parapercis;Parapercis allporti	0.9996302221271548
98fd66e9c394074b890d6b97bcf96555	Chordata;Actinopteri;Perciformes;Congiopodidae;Congiopodus;Congiopodus peruvianus	0.9999987125281155
d7ff3a8a328f331028969e8c8f8cc141	Unassigned	0.9334435787425509
60f8f8e98ba831f4f74e5b939b480c38	Chordata;Actinopteri;Perciformes;Congiopodidae;Congiopodus;Congiopodus peruvianus	0.9999994798584384
dd743f920b44b41d40d76fed5b1dd96b	Chordata;Actinopteri;Perciformes;Congiopodidae;Congiopodus;Congiopodus peruvianus	0.9999988540439972
cb689b5d110534c85639582eec033761	Chordata	0.7104111607529282
fe1afeaa6160fa707d17ac1cff16e36c	Chordata;Actinopteri;Uranoscopiformes;Pinguipedidae;Parapercis;Parapercis allporti	0.9906416238608989
1236974466051b0ac41c1947225aa99b	Chordata;Actinopteri;Syngnathiformes;Syngnathidae;Hippocampus;Hippocampus abdominalis	0.9999999999334932
87f7fa6557733ac4a0efaccded94cd16	Arthropoda;Insecta	0.9998221191251021
91d8b86b3c5981a2eaf92b93f79a94f4	Chordata;Actinopteri;Perciformes;Congiopodidae;Congiopodus;Congiopodus peruvianus	0.9999908960625299
d6e3f477768169e3e3af2ae3ed702037	Chordata;Actinopteri;Uranoscopiformes;Pinguipedidae;Parapercis;Parapercis allporti	0.9996468195511251
79a6d78458ea6167f22983e946066c8e	Chordata;Actinopteri;Uranoscopiformes;Pinguipedidae;Parapercis;Parapercis allporti	0.9999207211831315
5d0ade4aec694a0d91ef578a6118588f	Unassigned	0.6043264607611916
b49b38773e1431155ab4db8e14f81c0e	Chordata;Actinopteri;Uranoscopiformes;Pinguipedidae;Parapercis;Parapercis allporti	0.9998167413417184
b4401dfc50e99108be840ba540ad8bc4	Chordata;Actinopteri;Scombriformes;Centrolophidae;Seriolella;Seriolella brama	0.7912558049997466
9ee5b2ba3326fab4961840d518989528	Chordata;Actinopteri;Argentiniformes	0.9829011069045647
fe4f34ecd57f27df03c8d7ad9b2b159c	Chordata;Mammalia;Primates;Hominidae;Homo;Homo sapiens	0.9190638993776382
accd47179f9083da658d7e9c9daf0450	Chordata;Actinopteri;Gadiformes;Moridae;Pseudophycis;Pseudophycis barbata	0.8999018114068168
f7c55051c5c7b4f83c8fafe72418537c	Arthropoda;Insecta;Diptera	0.763288034717257
d9ad253994de8b28f2b504108e33efb2	Chordata;Actinopteri;Perciformes;Congiopodidae;Congiopodus;Congiopodus peruvianus	0.9999970013232141
4cd45e0ea2a01a7a812108a8366162a3	Chordata;Aves;Sphenisciformes;Spheniscidae;Megadyptes;Megadyptes antipodes	0.9999996621877616
d284bf26aa8eb4b0140f0e209701149c	Chordata;Actinopteri;Argentiniformes;Argentinidae;Argentina;Argentina sialis	0.7624358275323568
52b48d4e033f86c6eb6c1f779e717116	Unassigned	0.36340271047786477
8168068b89fad0060e13faee880f9115	Unassigned	0.3609983584598456
728e12660e8d4d81aa433b32686ad71e	Unassigned	0.44027807374418826
b05b09047c44aa7ba9c8b20bb977746c	Chordata;Actinopteri;Argentiniformes	0.9686442681756137
6ff5a3b84b1f037ec2aab542aa186483	Chordata;Actinopteri;Scombriformes;Gempylidae;Thyrsites;Thyrsites atun	1.0
b904424320783610867de836fac3557d	Unassigned	0.5160628624416184
07b14e2b1e122d735215206296bfa997	Chordata;Actinopteri;Uranoscopiformes;Pinguipedidae;Parapercis;Parapercis allporti	0.9997570080374366
3b8a9bb45c30aa450c12f258c3aa3257	Chordata;Mammalia;NA;Suidae;Sus;Sus scrofa	0.8329567570069536
97df13f5e0f8d184aa71abccdf4c66ae	Chordata;Actinopteri;Uranoscopiformes;Pinguipedidae;Parapercis;Parapercis allporti	0.9998924630247263
36ac91df8977fde14b6f082a6aea7e04	Chordata;Actinopteri;Argentiniformes	0.9800441771853161
be19c9885adfa73936bbe14954a38e9f	Chordata;Actinopteri;Perciformes;Congiopodidae;Congiopodus;Congiopodus peruvianus	0.9999972758096918
eb3e18011e46a7255fec6a2a63fd7112	Chordata;Actinopteri;Uranoscopiformes;Pinguipedidae;Parapercis;Parapercis allporti	0.9996021289590109
b48e375bad963073c6c3477b86202b4b	Chordata;Actinopteri;Perciformes;Congiopodidae;Congiopodus;Congiopodus peruvianus	0.9999990970840669
88f43dc6597c82f3ef9593ddcd75dc06	Chordata;Actinopteri;Uranoscopiformes;Pinguipedidae;Parapercis;Parapercis allporti	0.9999040618101058
b4fbcb44b148b2a9579b78f3e609f8a7	Chordata;Actinopteri;Perciformes;Psychrolutidae;Cottunculus;Cottunculus thomsonii	0.9819574851797932
d85fa92332889133a6bf17a7b1ea7c49	Arthropoda	0.8147542519287313
9b4e3557047fc3a33cd0e1914f2f8c1d	Arthropoda;Insecta;Diptera;Anisopodidae;Sylvicola;Sylvicola fenestralis	0.992049848118728
d15e9be37266aeb98b7724193cc23395	Chordata;Actinopteri;Uranoscopiformes;Pinguipedidae;Parapercis;Parapercis allporti	0.9997670784756192
227e2bf08db1c9ee076d7957e2babb93	Chordata;Actinopteri;Argentiniformes	0.8594426614324736
c8110aa1e9c5be0a136f42e520b1d856	Unassigned	0.33524807321803884
d8eb72f729aa867cc12f46786a3577a2	Chordata;Actinopteri;Syngnathiformes;Syngnathidae;Vanacampus	0.9680765278828095
68b14eb3a0acaad8379a5ad6e16ba187	Unassigned	0.8896433487217499
13198e2733f31d346118c91387873776	Chordata;Actinopteri;Perciformes;Congiopodidae;Congiopodus;Congiopodus peruvianus	0.9999994268966866
6e6826866e69bbd0c02a85fe36614458	Mollusca;Cephalopoda;Teuthida;Onychoteuthidae;Moroteuthopsis;Moroteuthopsis aff. ingens HEB-2018	0.9999630730850482
3f8287e4d64ccb35a3adc0e3dc6b3404	Chordata;Actinopteri;Perciformes;Congiopodidae;Congiopodus;Congiopodus peruvianus	0.9999997557810772
794e55608c76050a96351cf67312a49f	Arthropoda;Insecta	0.753371601167536
b4cdc6bced47e11d2be1b0c6ec90c622	Arthropoda;Insecta;Coleoptera;Staphylinidae;Stenomalium;Stenomalium helmsi	0.8903857459108543
fcc63892edbdb35ff14e59774ed2f5df	Chordata;Actinopteri;Centrarchiformes;Cheilodactylidae;Cheilodactylus	0.8218870440319385
d40d1cf35e0bfaceadb721d34b08f11a	Chordata;Actinopteri;Perciformes;Congiopodidae;Congiopodus;Congiopodus peruvianus	0.9999998485926341
f0efeb544afa1e2f82ea72700502f7e2	Chordata;Actinopteri;NA;Emmelichthyidae;Emmelichthys;Emmelichthys nitidus	0.9999999240160975
16897d7480d2adfdb7b332c01937d0af	Chordata;Amphibia;Anura;Pipidae;Xenopus;Xenopus laevis	0.9991791654366029
f816d2ed58f000a344c9c4577d52be8c	Nemertea;Pilidiophora;Heteronemertea	0.8729190259275857
94ae1a622661b75fcaeee2ee127dd5ff	Unassigned	0.9821557366477006
5a1f285acdd2ddd5a59e0459b0fe64ae	Chordata;Actinopteri;Scombriformes;Scombridae;Allothunnus;Allothunnus fallai	0.999948233567367
84d0a00c8d2958c7c3ddd4d5ead2e3db	Chordata;Actinopteri;Perciformes;Congiopodidae;Congiopodus;Congiopodus peruvianus	0.9999997478148577
001c7fa1d2fcbc4ca0a27c4f5f7c8bdb	Unassigned	0.3644371610303143
