index,Chordata;Actinopteri;Argentiniformes;Argentinidae;Argentina;Argentina elongata,Chordata;Actinopteri;Blenniiformes;Tripterygiidae;Forsterygion;Forsterygion lapillum,Chordata;Actinopteri;Centrarchiformes;Cheilodactylidae;__;__,Chordata;Actinopteri;Centrarchiformes;Kyphosidae;Medialuna;Medialuna californiensis,Chordata;Actinopteri;Cichliformes;Cichlidae;Tylochromis;Tylochromis leonensis,Chordata;Actinopteri;Clupeiformes;Clupeidae;Sprattus;Sprattus antipodum,Chordata;Actinopteri;Clupeiformes;Clupeidae;Sprattus;Sprattus muelleri,Chordata;Actinopteri;Gadiformes;Gadidae;Micromesistius;Micromesistius poutassou,Chordata;Actinopteri;Gadiformes;Macrouridae;Coelorinchus;Coelorinchus aspercephalus,Chordata;Actinopteri;Gadiformes;Moridae;Antimora;Antimora rostrata,Chordata;Actinopteri;Gadiformes;Moridae;Auchenoceros;Auchenoceros punctatus,Chordata;Actinopteri;Gadiformes;Moridae;Lepidion;Lepidion capensis,Chordata;Actinopteri;Gadiformes;Moridae;Mora;Mora moro,Chordata;Actinopteri;Gadiformes;Moridae;Pseudophycis;Pseudophycis bachus,Chordata;Actinopteri;Gadiformes;Moridae;Pseudophycis;Pseudophycis barbata,Chordata;Actinopteri;Labriformes;Labridae;Notolabrus;Notolabrus fucicola,Chordata;Actinopteri;Labriformes;Labridae;Pseudolabrus;Pseudolabrus miles,Chordata;Actinopteri;Lutjaniformes;Lutjanidae;Lutjanus;__,Chordata;Actinopteri;NA;Emmelichthyidae;Emmelichthys;Emmelichthys nitidus,Chordata;Actinopteri;NA;Emmelichthyidae;__;__,Chordata;Actinopteri;NA;__;__;__,Chordata;Actinopteri;Ophidiiformes;Ophidiidae;Genypterus;__,Chordata;Actinopteri;Perciformes;Congiopodidae;Congiopodus;Congiopodus peruvianus,Chordata;Actinopteri;Perciformes;Sebastidae;Sebastes;__,Chordata;Actinopteri;Perciformes;Sebastidae;__;__,Chordata;Actinopteri;Perciformes;Triglidae;Lepidotrigla;Lepidotrigla papilio,Chordata;Actinopteri;Perciformes;__;__;__,Chordata;Actinopteri;Scombriformes;Centrolophidae;Schedophilus;Schedophilus velaini,Chordata;Actinopteri;Scombriformes;Centrolophidae;Seriolella;Seriolella brama,Chordata;Actinopteri;Scombriformes;Centrolophidae;Seriolella;__,Chordata;Actinopteri;Scombriformes;Centrolophidae;__;__,Chordata;Actinopteri;Scombriformes;Gempylidae;Thyrsites;Thyrsites atun,Chordata;Actinopteri;Syngnathiformes;Centriscidae;Macroramphosus;Macroramphosus scolopax,Chordata;Actinopteri;Syngnathiformes;Syngnathidae;Hippocampus;Hippocampus abdominalis,Chordata;Actinopteri;Syngnathiformes;Syngnathidae;Vanacampus;Vanacampus margaritifer,Chordata;Actinopteri;Trachiniformes;Pinguipedidae;Parapercis;Parapercis colias,Chordata;Actinopteri;Uranoscopiformes;Pinguipedidae;Parapercis;Parapercis allporti,Chordata;Actinopteri;Uranoscopiformes;Uranoscopidae;Kathetostoma;Kathetostoma giganteum,Date,Samplequality,Breedingregion,Breedinglocation,Nestnumber,IndividualID,Ageclass,Statusof_bird1617,Time,Sex
S10,11.0,0.0,3.0,0.0,0.0,19.0,0.0,0.0,0.0,0.0,0.0,0.0,0.0,0.0,0.0,0.0,0.0,0.0,21.0,0.0,0.0,0.0,0.0,0.0,0.0,0.0,0.0,0.0,0.0,0.0,0.0,6.0,0.0,0.0,3.0,4347.0,0.0,0.0,10/12/16,Latrine,Catlins,Nugget_Point,SQP2,NA,Adult,Breeding,Post-guard,U
S100,27.0,71.0,57.0,0.0,0.0,0.0,0.0,0.0,0.0,0.0,0.0,0.0,0.0,0.0,0.0,0.0,0.0,0.0,38.0,0.0,0.0,0.0,20.0,0.0,0.0,0.0,26.0,0.0,0.0,0.0,0.0,0.0,0.0,10.0,0.0,6513.0,0.0,0.0,19/04/17,Latrine,North_Otago,Katiki_Point,NA,NA,Adult,Unknown,Post-moult,U
S101,418.0,22.0,198.0,0.0,0.0,0.0,0.0,0.0,0.0,0.0,0.0,0.0,0.0,0.0,0.0,0.0,0.0,0.0,699.0,0.0,0.0,31.0,262.0,0.0,0.0,0.0,0.0,0.0,0.0,0.0,0.0,0.0,0.0,0.0,0.0,9087.0,0.0,0.0,12/05/17,Fresh,Otago_Peninsula,Otapahi,NA,982000405533774,Adult,Non-breeding,Post-moult,M
S102,216.0,0.0,0.0,0.0,0.0,0.0,0.0,0.0,0.0,0.0,0.0,0.0,0.0,3.0,0.0,0.0,0.0,0.0,42.0,0.0,0.0,0.0,77.0,0.0,0.0,20.0,0.0,0.0,7.0,0.0,0.0,129.0,0.0,0.0,0.0,7450.0,0.0,0.0,19/04/17,Latrine,North_Otago,Katiki_Point,NA,NA,Adult,Unknown,Post-moult,U
S104,51.0,0.0,12.0,0.0,0.0,0.0,0.0,0.0,0.0,0.0,0.0,0.0,0.0,0.0,0.0,0.0,0.0,0.0,46.0,0.0,0.0,0.0,32.0,0.0,0.0,35.0,0.0,0.0,11.0,0.0,0.0,0.0,0.0,0.0,0.0,6268.0,0.0,0.0,19/04/17,Latrine,North_Otago,Katiki_Point,NA,NA,Adult,Unknown,Post-moult,U
S105,64.0,0.0,108.0,0.0,0.0,0.0,0.0,0.0,0.0,0.0,0.0,0.0,0.0,0.0,0.0,0.0,0.0,0.0,166.0,0.0,0.0,0.0,74.0,18.0,0.0,0.0,0.0,0.0,0.0,0.0,0.0,37.0,0.0,93.0,0.0,15927.0,0.0,0.0,21/04/17,Latrine,North_Otago,Bobby's_Head,NA,NA,Adult,Unknown,Post-moult,U
S106,339.0,0.0,13.0,0.0,0.0,0.0,37.0,14.0,0.0,0.0,0.0,0.0,0.0,35.0,0.0,0.0,0.0,0.0,64.0,0.0,0.0,0.0,134.0,0.0,0.0,0.0,0.0,100.0,95.0,0.0,0.0,7.0,0.0,0.0,15.0,2561.0,0.0,0.0,8/12/16,Latrine,Catlins,Long_Point,MY14,NA,Chick,Breeding,Guard,U
S107,39.0,0.0,0.0,0.0,0.0,0.0,27.0,0.0,3.0,0.0,0.0,0.0,0.0,0.0,0.0,0.0,0.0,0.0,26.0,0.0,0.0,0.0,20.0,0.0,0.0,0.0,0.0,0.0,0.0,0.0,0.0,0.0,0.0,0.0,0.0,6352.0,0.0,0.0,19/04/17,Latrine,North_Otago,Katiki_Point,NA,NA,Adult,Unknown,Post-moult,U
S108,3.0,0.0,116.0,0.0,0.0,0.0,0.0,0.0,0.0,0.0,0.0,0.0,0.0,0.0,0.0,0.0,0.0,0.0,0.0,0.0,0.0,0.0,0.0,0.0,0.0,18.0,5.0,0.0,8.0,0.0,0.0,0.0,0.0,166.0,0.0,8422.0,0.0,0.0,18/04/17,Latrine,North_Otago,Bobby's_Head,TAV1,NA,Adult,Unknown,Post-moult,U
S109,3036.0,0.0,22.0,0.0,0.0,0.0,0.0,0.0,0.0,0.0,4.0,0.0,0.0,4268.0,0.0,0.0,0.0,0.0,0.0,0.0,0.0,0.0,60.0,0.0,0.0,2.0,0.0,0.0,8286.0,0.0,0.0,7.0,0.0,24.0,0.0,1434.0,0.0,0.0,8/02/17,Fresh,Catlins,Long_Point,LPW5,NA,Chick,Breeding,Post-guard,U
S11,1278.0,0.0,286.0,269.0,0.0,0.0,0.0,0.0,0.0,0.0,0.0,0.0,0.0,0.0,0.0,0.0,0.0,89.0,3284.0,0.0,0.0,0.0,1040.0,0.0,0.0,0.0,0.0,0.0,21.0,0.0,0.0,0.0,0.0,0.0,0.0,4189.0,0.0,0.0,26/04/17,Fresh,Otago_Peninsula,Aramoana,BA1,982000056093670,Adult,Breeding,Post-moult,F
S110,945.0,0.0,86.0,0.0,0.0,44.0,0.0,0.0,0.0,0.0,0.0,0.0,0.0,0.0,0.0,0.0,0.0,0.0,139.0,0.0,0.0,0.0,741.0,0.0,0.0,0.0,0.0,0.0,28.0,0.0,0.0,37.0,0.0,3.0,0.0,3247.0,0.0,0.0,15/02/17,Fresh,Otago_Peninsula,Aramoana,BA1,NA,Chick,Breeding,Post-guard,U
S112,71.0,0.0,8110.0,0.0,0.0,267.0,0.0,0.0,0.0,0.0,0.0,0.0,0.0,158.0,0.0,0.0,0.0,0.0,0.0,0.0,0.0,0.0,4.0,0.0,0.0,0.0,0.0,0.0,66.0,0.0,0.0,0.0,0.0,0.0,2.0,7729.0,0.0,0.0,26/11/16,Fresh,Otago_Peninsula,Highcliff,MY4,20217,Adult,Breeding,Guard,F
S113,30.0,0.0,12.0,0.0,0.0,0.0,0.0,0.0,0.0,0.0,0.0,0.0,0.0,0.0,0.0,0.0,0.0,0.0,55.0,0.0,0.0,0.0,25.0,0.0,0.0,0.0,0.0,0.0,0.0,0.0,0.0,0.0,0.0,0.0,0.0,2716.0,0.0,0.0,19/04/17,Latrine,North_Otago,Katiki_Point,NA,NA,Adult,Unknown,Post-moult,U
S114,353.0,0.0,23.0,0.0,0.0,0.0,0.0,0.0,0.0,0.0,0.0,0.0,0.0,0.0,0.0,0.0,0.0,0.0,159.0,0.0,0.0,0.0,154.0,0.0,0.0,0.0,0.0,0.0,0.0,0.0,0.0,0.0,0.0,0.0,0.0,7520.0,0.0,0.0,22/02/17,Fresh,Otago_Peninsula,Otapahi,OT4,982000063621423,Adult,Breeding,Pre-moult,M
S115,62.0,0.0,6.0,0.0,0.0,0.0,0.0,0.0,0.0,0.0,0.0,0.0,0.0,0.0,0.0,0.0,0.0,0.0,72.0,0.0,0.0,0.0,8.0,0.0,0.0,0.0,0.0,0.0,0.0,0.0,0.0,0.0,0.0,0.0,0.0,13150.0,0.0,0.0,19/04/17,Latrine,North_Otago,Katiki_Point,NA,NA,Adult,Unknown,Post-moult,U
S118,40.0,0.0,0.0,0.0,0.0,0.0,0.0,0.0,0.0,0.0,0.0,0.0,0.0,37.0,0.0,3440.0,0.0,0.0,0.0,0.0,0.0,0.0,18.0,0.0,0.0,0.0,0.0,0.0,0.0,0.0,0.0,0.0,17.0,0.0,0.0,2045.0,0.0,0.0,9/11/16,Fresh,North_Otago,Bobby's_Head,TAV1,15592,Adult,Breeding,Guard,M
S119,125.0,0.0,0.0,0.0,0.0,0.0,5.0,0.0,0.0,0.0,0.0,0.0,0.0,0.0,0.0,0.0,0.0,0.0,4.0,0.0,0.0,0.0,94.0,0.0,0.0,0.0,7.0,0.0,100.0,0.0,0.0,0.0,0.0,8.0,0.0,12931.0,0.0,0.0,26/11/16,Latrine,North_Otago,Katiki_Point,KP93,NA,Adult,Breeding,Guard,U
S12,673.0,0.0,275.0,0.0,0.0,248.0,0.0,0.0,0.0,0.0,0.0,0.0,0.0,0.0,0.0,0.0,0.0,0.0,838.0,0.0,73.0,0.0,625.0,0.0,0.0,0.0,0.0,0.0,170.0,0.0,0.0,0.0,0.0,0.0,0.0,1051.0,0.0,0.0,20/02/17,Fresh,Otago_Peninsula,Otapahi,OT4,982000063621423,Adult,Breeding,Pre-moult,M
S120,850.0,0.0,13.0,0.0,0.0,14.0,0.0,0.0,0.0,0.0,0.0,0.0,0.0,0.0,0.0,0.0,0.0,0.0,131.0,0.0,0.0,0.0,314.0,0.0,0.0,0.0,0.0,0.0,0.0,0.0,0.0,0.0,0.0,0.0,0.0,6209.0,0.0,0.0,20/11/16,Latrine,Otago_Peninsula,Aramoana,MY1,NA,Adult,Breeding,Guard,U
S121,67.0,0.0,291.0,0.0,0.0,0.0,0.0,0.0,0.0,0.0,0.0,0.0,0.0,0.0,0.0,0.0,0.0,0.0,57.0,0.0,0.0,0.0,25.0,0.0,0.0,0.0,0.0,0.0,0.0,0.0,0.0,0.0,0.0,0.0,0.0,1778.0,0.0,0.0,17/07/17,Latrine,Otago_Peninsula,Otapahi,OT1,19725,Adult,Breeding,Post-moult,M
S122,538.0,0.0,0.0,0.0,0.0,0.0,0.0,0.0,0.0,0.0,0.0,0.0,0.0,18.0,0.0,0.0,0.0,0.0,0.0,0.0,0.0,21.0,129.0,0.0,0.0,0.0,0.0,0.0,677.0,0.0,0.0,0.0,0.0,0.0,12.0,6404.0,0.0,0.0,7/06/17,Latrine,Catlins,Penguin_Bay,NA,NA,Adult,Unknown,Post-moult,U
S123,0.0,0.0,0.0,0.0,0.0,0.0,0.0,0.0,77.0,0.0,0.0,0.0,0.0,734.0,0.0,0.0,0.0,0.0,0.0,0.0,0.0,0.0,16.0,0.0,0.0,0.0,0.0,0.0,15601.0,0.0,0.0,0.0,0.0,0.0,59.0,112.0,0.0,0.0,18/06/17,Latrine,Catlins,Penguin_Bay,NA,NA,Adult,Unknown,Post-moult,U
S124,737.0,3.0,13.0,0.0,0.0,0.0,0.0,0.0,0.0,0.0,0.0,0.0,0.0,0.0,0.0,0.0,0.0,0.0,54.0,0.0,0.0,0.0,529.0,0.0,0.0,0.0,0.0,0.0,0.0,0.0,0.0,0.0,0.0,0.0,0.0,4845.0,0.0,0.0,27/05/17,Latrine,North_Otago,Bushy_Beach,NA,NA,Adult,Unknown,Post-moult,U
S125,236.0,0.0,114.0,0.0,0.0,6.0,0.0,0.0,0.0,0.0,0.0,0.0,0.0,8.0,0.0,0.0,0.0,0.0,17.0,0.0,0.0,0.0,136.0,0.0,0.0,0.0,0.0,0.0,0.0,0.0,0.0,0.0,11.0,0.0,0.0,5704.0,0.0,0.0,29/11/16,Latrine,Otago_Peninsula,Aramoana,MY1,NA,Adult,Breeding,Guard,U
S126,1009.0,0.0,55.0,0.0,0.0,0.0,23.0,0.0,0.0,0.0,0.0,0.0,0.0,389.0,0.0,0.0,0.0,0.0,80.0,0.0,0.0,0.0,551.0,0.0,0.0,0.0,0.0,0.0,460.0,0.0,0.0,0.0,0.0,3.0,0.0,1632.0,0.0,2.0,28/11/16,Latrine,Otago_Peninsula,Victory_Beach,OKS1,NA,Adult,Breeding,Guard,U
S127,2312.0,0.0,64.0,0.0,0.0,206.0,31.0,0.0,0.0,0.0,0.0,0.0,0.0,22.0,0.0,0.0,0.0,0.0,116.0,0.0,0.0,0.0,1596.0,0.0,0.0,0.0,51.0,0.0,82.0,0.0,0.0,0.0,0.0,79.0,0.0,4785.0,0.0,0.0,21/11/16,Latrine,Otago_Peninsula,Otapahi,OT6,NA,Adult,Breeding,Post-guard,U
S128,64.0,0.0,576.0,0.0,0.0,0.0,0.0,0.0,0.0,0.0,0.0,0.0,0.0,348.0,0.0,0.0,0.0,0.0,0.0,0.0,0.0,0.0,53.0,0.0,0.0,0.0,0.0,0.0,0.0,0.0,0.0,0.0,0.0,0.0,0.0,12659.0,0.0,0.0,10/12/16,Latrine,Catlins,Nugget_Point,SQP2,NA,Adult,Breeding,Guard,U
S129,34.0,0.0,26.0,0.0,0.0,0.0,1559.0,0.0,0.0,0.0,0.0,0.0,0.0,0.0,0.0,0.0,0.0,0.0,12.0,0.0,0.0,0.0,22.0,0.0,0.0,0.0,0.0,0.0,0.0,0.0,0.0,0.0,0.0,0.0,79.0,7214.0,0.0,0.0,8/06/17,Latrine,Catlins,Long_Point,NA,NA,Adult,Unknown,Post-moult,U
S13,555.0,0.0,0.0,0.0,0.0,11678.0,0.0,0.0,0.0,0.0,0.0,0.0,0.0,0.0,0.0,0.0,0.0,0.0,0.0,0.0,0.0,0.0,0.0,0.0,0.0,0.0,0.0,0.0,511.0,0.0,0.0,659.0,0.0,0.0,0.0,1072.0,0.0,0.0,31/01/17,Fresh,Catlins,Nugget_Point,BB4,NA,Adult,Breeding,Post-guard,U
S131,5.0,0.0,0.0,0.0,0.0,31220.0,0.0,0.0,0.0,0.0,0.0,0.0,0.0,0.0,0.0,0.0,0.0,0.0,0.0,0.0,0.0,0.0,0.0,20.0,0.0,44.0,1000.0,0.0,112.0,0.0,0.0,0.0,0.0,0.0,755.0,34.0,0.0,0.0,18/06/17,Latrine,Catlins,Penguin_Bay,NA,NA,Adult,Unknown,Post-moult,U
S132,362.0,0.0,15.0,0.0,0.0,454.0,1092.0,0.0,0.0,0.0,0.0,0.0,0.0,9.0,0.0,0.0,0.0,0.0,0.0,0.0,0.0,0.0,432.0,0.0,0.0,0.0,0.0,0.0,0.0,0.0,0.0,0.0,25.0,17.0,0.0,4191.0,0.0,0.0,30/10/16,Latrine,North_Otago,Bobby's_Head,TAV1,NA,Adult,Breeding,Incubation,U
S133,759.0,0.0,0.0,0.0,0.0,73.0,0.0,0.0,0.0,0.0,0.0,0.0,0.0,0.0,0.0,0.0,0.0,0.0,28.0,0.0,0.0,0.0,773.0,0.0,0.0,0.0,0.0,0.0,16.0,0.0,0.0,0.0,0.0,0.0,0.0,2587.0,0.0,0.0,1/11/16,Latrine,Otago_Peninsula,Aramoana,MY2,NA,Adult,Breeding,Incubation,U
S134,621.0,0.0,0.0,0.0,0.0,972.0,0.0,0.0,0.0,0.0,208.0,0.0,0.0,1263.0,0.0,0.0,0.0,0.0,39.0,0.0,0.0,37.0,638.0,0.0,0.0,0.0,0.0,0.0,399.0,0.0,0.0,0.0,2964.0,0.0,4341.0,16866.0,0.0,0.0,9/11/16,Latrine,Otago_Peninsula,Otapahi,OT3,NA,Adult,Breeding,Guard,U
S135,295.0,0.0,125.0,0.0,0.0,33.0,25.0,0.0,0.0,0.0,0.0,0.0,0.0,0.0,0.0,0.0,0.0,0.0,8.0,0.0,0.0,0.0,229.0,0.0,0.0,0.0,0.0,0.0,0.0,0.0,0.0,0.0,0.0,11.0,47.0,2413.0,0.0,0.0,11/12/16,Latrine,Otago_Peninsula,Otapahi,OT6,NA,Adult,Breeding,Guard,U
S136,3.0,0.0,0.0,0.0,0.0,0.0,0.0,0.0,0.0,0.0,0.0,0.0,0.0,0.0,0.0,0.0,0.0,0.0,0.0,0.0,8.0,0.0,0.0,0.0,0.0,0.0,0.0,0.0,0.0,0.0,0.0,2.0,0.0,0.0,0.0,5042.0,0.0,0.0,6/06/17,Fresh,Catlins,Nugget_Point,BB4,982000402100702,Adult,Breeding,Post-moult,M
S137,0.0,0.0,0.0,0.0,0.0,0.0,0.0,0.0,0.0,0.0,0.0,0.0,0.0,0.0,0.0,0.0,0.0,0.0,0.0,0.0,0.0,0.0,0.0,0.0,0.0,0.0,0.0,0.0,126.0,0.0,0.0,0.0,0.0,0.0,0.0,14154.0,0.0,0.0,6/06/17,Latrine,Catlins,Nugget_Point,NA,NA,Adult,Unknown,Post-moult,U
S139,243.0,0.0,0.0,0.0,0.0,0.0,0.0,0.0,0.0,0.0,0.0,0.0,0.0,36.0,0.0,0.0,0.0,0.0,0.0,0.0,0.0,0.0,0.0,0.0,0.0,0.0,0.0,0.0,3919.0,0.0,0.0,0.0,0.0,0.0,6.0,3873.0,0.0,0.0,18/06/17,Fresh,Catlins,Penguin_Bay,NA,982000405534062,Adult,Non-breeding,Post-moult,M
S14,91.0,0.0,8.0,0.0,0.0,16.0,0.0,0.0,0.0,0.0,103.0,0.0,0.0,8854.0,0.0,0.0,0.0,0.0,107.0,0.0,0.0,0.0,46.0,36.0,0.0,0.0,0.0,22.0,13098.0,0.0,0.0,0.0,0.0,0.0,52.0,126.0,0.0,0.0,8/02/17,Fresh,Catlins,Long_Point,MY13,NA,Chick,Breeding,Post-guard,U
S140,324.0,0.0,0.0,0.0,0.0,0.0,0.0,0.0,0.0,0.0,0.0,0.0,0.0,0.0,0.0,0.0,0.0,0.0,81.0,0.0,0.0,0.0,319.0,0.0,0.0,0.0,0.0,0.0,0.0,0.0,0.0,0.0,0.0,21.0,0.0,8039.0,0.0,0.0,1/11/16,Latrine,North_Otago,Bobby's_Head,TAV1,NA,Adult,Breeding,Incubation,U
S142,743.0,0.0,68.0,0.0,0.0,0.0,17.0,98.0,0.0,0.0,66.0,0.0,0.0,132.0,11.0,0.0,0.0,0.0,29.0,0.0,0.0,0.0,383.0,0.0,0.0,0.0,0.0,727.0,4022.0,0.0,0.0,0.0,0.0,5.0,0.0,6581.0,0.0,0.0,18/12/16,Latrine,Otago_Peninsula,Otapahi,OT6,NA,Adult,Breeding,Post-guard,U
S143,311.0,0.0,21.0,0.0,0.0,0.0,0.0,0.0,0.0,0.0,0.0,0.0,0.0,30.0,0.0,0.0,0.0,0.0,89.0,0.0,0.0,0.0,233.0,0.0,0.0,0.0,0.0,0.0,7.0,0.0,0.0,0.0,0.0,0.0,0.0,25204.0,0.0,0.0,17/12/16,Latrine,Catlins,Nugget_Point,CP3,NA,Adult,Breeding,Post-guard,U
S145,0.0,0.0,0.0,0.0,0.0,173.0,0.0,0.0,0.0,0.0,0.0,0.0,0.0,984.0,0.0,0.0,0.0,0.0,41.0,0.0,0.0,0.0,0.0,0.0,0.0,0.0,0.0,0.0,0.0,0.0,0.0,0.0,0.0,0.0,0.0,16084.0,0.0,0.0,17/06/17,Latrine,Catlins,Hina_Hina_Cove,EE7,NA,Adult,Breeding,Post-moult,U
S146,628.0,0.0,3735.0,0.0,0.0,0.0,0.0,0.0,0.0,15.0,0.0,0.0,0.0,162.0,0.0,0.0,0.0,0.0,26.0,0.0,0.0,0.0,510.0,0.0,0.0,0.0,0.0,0.0,155.0,0.0,0.0,0.0,5.0,0.0,436.0,8940.0,0.0,0.0,11/12/16,Latrine,Otago_Peninsula,Otapahi,OT3,NA,Adult,Breeding,Guard,U
S147,36.0,0.0,0.0,0.0,38.0,453.0,0.0,0.0,0.0,0.0,50.0,0.0,0.0,0.0,0.0,0.0,0.0,0.0,0.0,0.0,0.0,0.0,22.0,0.0,0.0,0.0,0.0,115.0,0.0,0.0,0.0,0.0,0.0,0.0,0.0,2558.0,0.0,0.0,17/11/16,Latrine,Otago_Peninsula,Otapahi,OT5,NA,Adult,Breeding,Guard,U
S148,23.0,0.0,0.0,0.0,0.0,0.0,0.0,0.0,17.0,0.0,0.0,0.0,0.0,4525.0,0.0,0.0,0.0,0.0,0.0,0.0,0.0,0.0,13.0,243.0,0.0,0.0,0.0,0.0,0.0,0.0,0.0,0.0,0.0,0.0,76.0,23.0,0.0,0.0,18/06/17,Latrine,Catlins,Penguin_Bay,NA,NA,Adult,Non-breeding,Post-moult,U
S149,436.0,0.0,24.0,0.0,11.0,0.0,46.0,0.0,0.0,0.0,0.0,0.0,0.0,176.0,0.0,0.0,0.0,0.0,16.0,0.0,0.0,24.0,241.0,0.0,0.0,0.0,0.0,62.0,0.0,0.0,0.0,0.0,0.0,0.0,0.0,8572.0,0.0,0.0,21/11/16,Latrine,North_Otago,Bobby's_Head,TAV1,NA,Adult,Breeding,Guard,U
S15,519.0,0.0,0.0,0.0,0.0,31.0,0.0,0.0,0.0,0.0,0.0,0.0,0.0,110.0,0.0,0.0,0.0,0.0,0.0,0.0,0.0,0.0,88.0,0.0,0.0,0.0,0.0,0.0,198.0,0.0,0.0,38.0,0.0,0.0,0.0,2743.0,0.0,0.0,9/02/17,Fresh,Catlins,Cosgrove_Creek,RJ3,NA,Chick,Breeding,Post-guard,U
S150,1130.0,0.0,0.0,0.0,0.0,35.0,0.0,0.0,0.0,0.0,0.0,0.0,0.0,9.0,0.0,0.0,0.0,0.0,17.0,0.0,0.0,0.0,188.0,0.0,0.0,0.0,0.0,0.0,0.0,0.0,0.0,0.0,0.0,15.0,0.0,11302.0,0.0,0.0,29/11/16,Latrine,Otago_Peninsula,Aramoana,MY2,NA,Adult,Breeding,Guard,U
S151,8.0,0.0,0.0,0.0,0.0,0.0,359.0,0.0,0.0,0.0,0.0,0.0,0.0,0.0,0.0,0.0,0.0,0.0,0.0,0.0,0.0,0.0,0.0,5.0,0.0,0.0,0.0,0.0,33.0,0.0,0.0,7.0,0.0,0.0,6.0,2996.0,0.0,0.0,8/06/17,Latrine,Catlins,Long_Point,MY10,NA,Adult,Breeding,Post-moult,U
S152,244.0,0.0,380.0,0.0,0.0,53.0,35.0,0.0,0.0,0.0,0.0,0.0,0.0,3123.0,0.0,0.0,0.0,0.0,16.0,0.0,0.0,0.0,130.0,0.0,0.0,0.0,0.0,0.0,0.0,0.0,0.0,0.0,0.0,0.0,0.0,9794.0,0.0,0.0,13/12/16,Latrine,Otago_Peninsula,Aramoana,MY2,NA,Adult,Breeding,Post-guard,U
S153,0.0,0.0,0.0,0.0,0.0,0.0,594.0,0.0,0.0,0.0,0.0,0.0,0.0,0.0,0.0,0.0,0.0,0.0,11.0,0.0,0.0,0.0,0.0,0.0,0.0,0.0,0.0,0.0,0.0,0.0,0.0,6.0,0.0,0.0,7.0,2997.0,0.0,0.0,8/06/17,Latrine,Catlins,Long_Point,MY10,NA,Adult,Breeding,Post-moult,U
S155,247.0,0.0,3.0,0.0,0.0,519.0,0.0,0.0,0.0,0.0,0.0,0.0,0.0,489.0,0.0,0.0,0.0,0.0,6.0,0.0,0.0,0.0,194.0,0.0,0.0,0.0,26.0,0.0,4.0,0.0,0.0,0.0,11.0,8.0,0.0,5721.0,0.0,0.0,13/11/16,Latrine,Otago_Peninsula,Aramoana,MY1,NA,Adult,Breeding,Guard,U
S156,3114.0,0.0,206.0,0.0,0.0,0.0,0.0,0.0,0.0,0.0,0.0,0.0,0.0,0.0,0.0,0.0,0.0,0.0,324.0,0.0,0.0,0.0,3337.0,0.0,0.0,0.0,0.0,0.0,90.0,0.0,0.0,0.0,0.0,0.0,0.0,5224.0,0.0,0.0,18/12/16,Latrine,Otago_Peninsula,Aramoana,MY2,NA,Adult,Breeding,Post-guard,U
S158,138.0,0.0,0.0,0.0,0.0,0.0,0.0,14.0,0.0,0.0,39.0,24.0,0.0,208.0,0.0,0.0,0.0,0.0,0.0,0.0,0.0,0.0,33.0,0.0,0.0,0.0,0.0,206.0,739.0,0.0,0.0,0.0,0.0,0.0,0.0,2102.0,0.0,0.0,19/12/16,Latrine,Catlins,Penguin_Bay,RR5,NA,Chick,Breeding,Post-guard,U
S159,119.0,0.0,0.0,0.0,0.0,106.0,0.0,0.0,0.0,0.0,0.0,0.0,0.0,39.0,0.0,0.0,0.0,0.0,25.0,0.0,0.0,0.0,61.0,0.0,0.0,0.0,0.0,0.0,79.0,0.0,0.0,0.0,0.0,0.0,0.0,16404.0,0.0,0.0,1/11/16,Latrine,North_Otago,Bobby's_Head,TAV1,NA,Chick,Breeding,Guard,U
S16,4649.0,0.0,271.0,0.0,0.0,0.0,0.0,0.0,0.0,0.0,0.0,0.0,0.0,3.0,0.0,0.0,0.0,0.0,140.0,0.0,0.0,0.0,1786.0,0.0,0.0,0.0,0.0,0.0,0.0,0.0,0.0,241.0,0.0,0.0,0.0,3576.0,0.0,0.0,19/04/17,Latrine,North_Otago,Katiki_Point,NA,NA,Adult,Unknown,Post-moult,U
S160,115.0,0.0,18.0,0.0,0.0,0.0,0.0,0.0,0.0,0.0,8.0,0.0,0.0,26.0,0.0,0.0,0.0,0.0,0.0,0.0,0.0,0.0,0.0,0.0,0.0,0.0,0.0,0.0,48.0,0.0,0.0,0.0,6.0,0.0,0.0,6218.0,0.0,0.0,29/11/16,Latrine,Otago_Peninsula,Aramoana,MY1,NA,Chick,Breeding,Guard,U
S161,43.0,0.0,56.0,0.0,0.0,0.0,0.0,20.0,0.0,0.0,87.0,0.0,0.0,91.0,0.0,0.0,0.0,0.0,0.0,0.0,0.0,0.0,0.0,0.0,0.0,0.0,0.0,198.0,437.0,0.0,0.0,0.0,8.0,0.0,0.0,3403.0,113.0,0.0,18/12/16,Latrine,Otago_Peninsula,Otapahi,OT3,NA,Chick,Breeding,Post-guard,U
S163,8.0,0.0,3.0,0.0,0.0,131.0,0.0,0.0,0.0,0.0,23.0,0.0,0.0,539.0,0.0,0.0,0.0,0.0,10.0,0.0,0.0,0.0,0.0,0.0,0.0,0.0,0.0,0.0,134.0,0.0,0.0,0.0,557.0,0.0,572.0,8343.0,0.0,5.0,9/11/16,Latrine,Otago_Peninsula,Otapahi,OT3,NA,Chick,Breeding,Guard,U
S164,83.0,0.0,0.0,0.0,0.0,19.0,0.0,0.0,0.0,294.0,10.0,534.0,36.0,3124.0,12.0,0.0,0.0,0.0,0.0,0.0,0.0,0.0,30.0,0.0,0.0,0.0,0.0,63.0,3254.0,0.0,0.0,0.0,145.0,28.0,318.0,38.0,0.0,44.0,18/11/16,Latrine,Catlins,Penguin_Bay,RR5,NA,Chick,Breeding,Guard,U
S165,168.0,0.0,0.0,0.0,0.0,10.0,0.0,0.0,0.0,0.0,0.0,0.0,0.0,7.0,0.0,0.0,0.0,0.0,49.0,0.0,0.0,0.0,24.0,0.0,0.0,0.0,0.0,0.0,3160.0,0.0,0.0,0.0,0.0,0.0,14.0,874.0,0.0,0.0,16/08/17,Latrine,Catlins,Long_Point,NA,NA,Adult,Unknown,Pre-egg,U
S166,0.0,0.0,0.0,0.0,0.0,10.0,0.0,0.0,0.0,0.0,16.0,0.0,0.0,1152.0,0.0,0.0,0.0,0.0,0.0,0.0,0.0,0.0,12.0,0.0,0.0,0.0,0.0,0.0,7.0,0.0,0.0,0.0,0.0,0.0,0.0,11218.0,0.0,0.0,12/11/16,Latrine,Catlins,Penguin_Bay,BB8,NA,Chick,Breeding,Guard,U
S167,76.0,0.0,0.0,0.0,0.0,25.0,0.0,0.0,0.0,0.0,6.0,0.0,0.0,93.0,0.0,0.0,14.0,0.0,51.0,0.0,0.0,0.0,0.0,0.0,0.0,0.0,0.0,0.0,0.0,0.0,0.0,0.0,218.0,0.0,222.0,15988.0,0.0,0.0,1/11/16,Latrine,North_Otago,Katiki_Point,KP93,NA,Chick,Breeding,Guard,U
S169,87.0,0.0,297.0,0.0,0.0,0.0,0.0,0.0,0.0,0.0,0.0,0.0,0.0,187.0,0.0,0.0,0.0,0.0,0.0,0.0,0.0,0.0,0.0,0.0,0.0,0.0,0.0,0.0,50.0,0.0,0.0,0.0,0.0,0.0,0.0,17834.0,0.0,0.0,10/12/16,Latrine,Catlins,Nugget_Point,SQP2,NA,Chick,Breeding,Post-guard,U
S17,730.0,0.0,0.0,0.0,0.0,11.0,0.0,0.0,0.0,0.0,0.0,0.0,0.0,1613.0,0.0,0.0,0.0,0.0,141.0,0.0,0.0,0.0,33.0,0.0,0.0,0.0,0.0,0.0,2464.0,0.0,0.0,0.0,0.0,0.0,0.0,152.0,0.0,0.0,8/02/17,Fresh,Catlins,Long_Point,LPW5,NA,Chick,Breeding,Post-guard,U
S170,6808.0,0.0,0.0,0.0,158.0,114.0,35.0,0.0,0.0,0.0,0.0,0.0,0.0,0.0,0.0,0.0,0.0,0.0,0.0,0.0,0.0,8.0,25.0,0.0,0.0,0.0,0.0,0.0,7843.0,0.0,0.0,11.0,0.0,0.0,0.0,5304.0,0.0,0.0,16/08/17,Latrine,Catlins,Long_Point,NA,NA,Adult,Unknown,Pre-egg,U
S171,23.0,0.0,0.0,0.0,0.0,0.0,0.0,0.0,0.0,0.0,0.0,0.0,0.0,0.0,0.0,0.0,0.0,0.0,0.0,0.0,0.0,0.0,0.0,0.0,0.0,0.0,0.0,0.0,0.0,0.0,0.0,0.0,0.0,0.0,0.0,2334.0,0.0,0.0,20/11/16,Latrine,Otago_Peninsula,Aramoana,MY1,NA,Chick,Breeding,Guard,U
S172,8.0,7.0,0.0,0.0,40.0,423.0,0.0,0.0,0.0,0.0,38.0,0.0,0.0,936.0,0.0,0.0,0.0,0.0,0.0,0.0,0.0,199.0,5.0,0.0,0.0,0.0,0.0,128.0,166.0,0.0,0.0,0.0,7.0,0.0,503.0,15165.0,0.0,15.0,17/11/16,Latrine,Otago_Peninsula,Otapahi,OT3,NA,Chick,Breeding,Guard,U
S174,9.0,0.0,0.0,0.0,0.0,2903.0,807.0,0.0,0.0,0.0,0.0,0.0,0.0,0.0,0.0,0.0,0.0,0.0,34.0,0.0,0.0,0.0,55.0,0.0,0.0,0.0,0.0,0.0,9683.0,0.0,0.0,0.0,0.0,0.0,0.0,4415.0,0.0,0.0,22/06/17,Latrine,Catlins,Nugget_Point,NA,NA,Adult,Unknown,Post-moult,U
S175,0.0,0.0,0.0,0.0,0.0,337.0,0.0,10.0,5.0,0.0,995.0,0.0,0.0,837.0,0.0,0.0,0.0,0.0,0.0,0.0,0.0,0.0,0.0,0.0,0.0,0.0,0.0,676.0,3160.0,0.0,0.0,0.0,0.0,73.0,0.0,9.0,0.0,0.0,19/12/16,Latrine,Catlins,Penguin_Bay,RR6,NA,Chick,Breeding,Post-guard,U
S176,78.0,0.0,0.0,0.0,0.0,25.0,0.0,0.0,0.0,0.0,5.0,0.0,0.0,2.0,0.0,0.0,36.0,0.0,0.0,0.0,0.0,0.0,0.0,0.0,0.0,0.0,17.0,0.0,22.0,0.0,0.0,0.0,0.0,0.0,0.0,18910.0,0.0,0.0,17/11/16,Latrine,North_Otago,Bobby's_Head,TAV1,NA,Chick,Breeding,Guard,U
S177,61.0,0.0,0.0,0.0,0.0,484.0,0.0,0.0,0.0,0.0,0.0,0.0,0.0,767.0,0.0,0.0,0.0,0.0,0.0,0.0,0.0,0.0,9.0,0.0,0.0,0.0,54.0,0.0,6.0,0.0,0.0,0.0,5.0,0.0,8.0,10191.0,0.0,0.0,13/11/16,Latrine,Otago_Peninsula,Aramoana,MY1,NA,Chick,Breeding,Guard,U
S178,0.0,0.0,0.0,0.0,0.0,0.0,0.0,0.0,0.0,0.0,0.0,0.0,0.0,0.0,0.0,0.0,0.0,0.0,0.0,0.0,0.0,0.0,0.0,0.0,0.0,0.0,0.0,0.0,24.0,0.0,0.0,0.0,0.0,0.0,0.0,3053.0,0.0,0.0,26/01/17,Latrine,Otago_Peninsula,Otapahi,OT4,NA,Chick,Breeding,Post-guard,U
S179,73.0,0.0,19.0,0.0,0.0,12.0,0.0,101.0,0.0,0.0,0.0,0.0,0.0,137.0,0.0,0.0,0.0,0.0,28.0,0.0,0.0,0.0,0.0,0.0,0.0,0.0,0.0,171.0,247.0,0.0,0.0,0.0,0.0,0.0,0.0,4278.0,0.0,0.0,10/12/16,Latrine,Catlins,Hina_Hina_Cove,BB5,NA,Chick,Breeding,Post-guard,U
S18,169.0,0.0,0.0,0.0,0.0,0.0,0.0,0.0,0.0,0.0,0.0,0.0,0.0,68.0,0.0,0.0,0.0,0.0,365.0,0.0,0.0,0.0,359.0,0.0,0.0,0.0,0.0,0.0,0.0,0.0,0.0,0.0,0.0,0.0,0.0,5248.0,0.0,0.0,20/02/17,Fresh,Otago_Peninsula,Otapahi,OT3,19893,Adult,Breeding,Pre-moult,M
S180,0.0,0.0,0.0,0.0,0.0,1641.0,0.0,0.0,0.0,0.0,637.0,0.0,0.0,36.0,0.0,0.0,0.0,0.0,0.0,0.0,0.0,0.0,0.0,0.0,0.0,0.0,0.0,0.0,7750.0,0.0,0.0,0.0,0.0,0.0,0.0,8.0,0.0,0.0,11/11/16,Latrine,Catlins,Hina_Hina_Cove,CW3,NA,Chick,Breeding,Guard,U
S181,51.0,0.0,0.0,0.0,0.0,43.0,0.0,0.0,0.0,0.0,0.0,0.0,0.0,64.0,0.0,0.0,0.0,0.0,0.0,0.0,0.0,0.0,15.0,0.0,0.0,0.0,0.0,0.0,72.0,0.0,0.0,7.0,0.0,0.0,0.0,20625.0,0.0,0.0,16/08/17,Latrine,Catlins,Long_Point,NA,NA,Adult,Unknown,Pre-egg,U
S182,1853.0,0.0,0.0,0.0,0.0,130.0,0.0,0.0,0.0,0.0,0.0,0.0,0.0,627.0,0.0,0.0,0.0,0.0,0.0,0.0,0.0,0.0,151.0,0.0,0.0,0.0,0.0,0.0,0.0,0.0,0.0,0.0,0.0,0.0,38.0,13449.0,0.0,0.0,8/07/17,Latrine,Catlins,Penguin_Bay,NA,NA,Adult,Unknown,Post-moult,U
S183,6.0,0.0,4.0,0.0,0.0,0.0,0.0,416.0,0.0,6.0,10.0,0.0,0.0,595.0,0.0,0.0,0.0,0.0,0.0,0.0,0.0,0.0,0.0,0.0,0.0,0.0,0.0,792.0,1939.0,0.0,0.0,0.0,0.0,3.0,0.0,5483.0,2299.0,0.0,10/12/16,Latrine,Catlins,Penguin_Bay,BB7,NA,Chick,Breeding,Post-guard,U
S184,31.0,0.0,0.0,0.0,0.0,0.0,0.0,0.0,0.0,0.0,36.0,0.0,0.0,0.0,0.0,0.0,0.0,0.0,0.0,0.0,0.0,0.0,0.0,0.0,0.0,0.0,20.0,0.0,230.0,0.0,0.0,0.0,0.0,0.0,0.0,13756.0,0.0,0.0,26/11/16,Latrine,North_Otago,Katiki_Point,KP93,NA,Chick,Breeding,Guard,U
S185,11.0,0.0,0.0,0.0,0.0,676.0,2073.0,0.0,0.0,0.0,0.0,0.0,0.0,0.0,0.0,0.0,0.0,0.0,0.0,0.0,0.0,0.0,4.0,0.0,0.0,0.0,0.0,0.0,0.0,0.0,0.0,0.0,5.0,0.0,11.0,6234.0,0.0,0.0,30/10/16,Latrine,North_Otago,Bobby's_Head,TAV1,NA,Chick,Breeding,Guard,U
S186,219.0,0.0,731.0,0.0,0.0,90.0,27.0,0.0,0.0,0.0,0.0,0.0,0.0,41.0,0.0,0.0,0.0,0.0,0.0,0.0,0.0,0.0,8.0,0.0,0.0,0.0,9.0,0.0,0.0,0.0,0.0,0.0,5.0,0.0,7.0,12988.0,0.0,0.0,13/11/16,Latrine,Otago_Peninsula,Aramoana,MY2,NA,Chick,Breeding,Guard,U
S187,20.0,0.0,3807.0,0.0,0.0,340.0,0.0,0.0,0.0,0.0,23.0,0.0,0.0,78.0,0.0,0.0,0.0,0.0,6.0,0.0,0.0,0.0,0.0,0.0,0.0,0.0,0.0,0.0,24.0,0.0,0.0,0.0,0.0,0.0,567.0,19083.0,0.0,0.0,11/12/16,Latrine,Otago_Peninsula,Otapahi,OT6,NA,Chick,Breeding,Post-guard,U
S188,78.0,0.0,0.0,0.0,0.0,0.0,0.0,0.0,0.0,0.0,0.0,0.0,0.0,1198.0,0.0,0.0,0.0,0.0,0.0,0.0,0.0,0.0,0.0,0.0,0.0,0.0,108.0,0.0,0.0,0.0,0.0,0.0,191.0,0.0,71.0,7760.0,0.0,0.0,2/11/16,Latrine,Otago_Peninsula,Sandymount,JW2,NA,Chick,Breeding,Guard,U
S189,1541.0,0.0,0.0,0.0,0.0,2248.0,107.0,0.0,0.0,0.0,0.0,0.0,0.0,731.0,0.0,0.0,0.0,0.0,8.0,0.0,0.0,0.0,0.0,0.0,0.0,0.0,58.0,0.0,29.0,0.0,0.0,0.0,0.0,0.0,0.0,12437.0,0.0,0.0,16/08/17,Latrine,Catlins,Long_Point,NA,NA,Adult,Unknown,Pre-egg,U
S190,1687.0,0.0,0.0,0.0,0.0,0.0,0.0,0.0,0.0,0.0,0.0,0.0,0.0,177.0,0.0,0.0,0.0,0.0,0.0,0.0,0.0,0.0,0.0,0.0,0.0,0.0,0.0,0.0,0.0,0.0,0.0,0.0,0.0,0.0,0.0,1127.0,902.0,0.0,8/07/17,Latrine,Catlins,Penguin_Bay,NA,NA,Adult,Unknown,Post-moult,U
S191,0.0,0.0,0.0,0.0,0.0,0.0,0.0,74.0,0.0,0.0,41.0,0.0,0.0,636.0,0.0,0.0,0.0,0.0,0.0,0.0,0.0,0.0,0.0,0.0,0.0,0.0,0.0,0.0,3083.0,0.0,0.0,0.0,166.0,0.0,14.0,10680.0,0.0,0.0,10/12/16,Latrine,Catlins,Penguin_Bay,SQP5,NA,Chick,Breeding,Post-guard,U
S192,7.0,0.0,0.0,0.0,0.0,79.0,0.0,0.0,0.0,0.0,0.0,0.0,0.0,0.0,0.0,0.0,0.0,0.0,0.0,0.0,0.0,0.0,29.0,0.0,0.0,0.0,0.0,0.0,0.0,0.0,0.0,0.0,0.0,0.0,14.0,3345.0,0.0,0.0,1/11/16,Latrine,Otago_Peninsula,Aramoana,MY2,NA,Chick,Breeding,Guard,U
S193,106.0,0.0,0.0,0.0,0.0,0.0,0.0,0.0,0.0,0.0,0.0,0.0,0.0,0.0,0.0,0.0,0.0,132.0,0.0,0.0,0.0,0.0,0.0,0.0,0.0,0.0,0.0,0.0,265.0,0.0,0.0,0.0,0.0,0.0,0.0,1790.0,0.0,0.0,18/12/16,Latrine,Otago_Peninsula,Otapahi,OT4,NA,Chick,Breeding,Post-guard,U
S194,36.0,0.0,3.0,0.0,0.0,0.0,0.0,0.0,0.0,17.0,65.0,0.0,0.0,81.0,9.0,0.0,0.0,0.0,0.0,0.0,0.0,4.0,32.0,0.0,0.0,0.0,0.0,375.0,1555.0,0.0,0.0,0.0,10.0,0.0,5.0,11517.0,0.0,0.0,8/12/16,Latrine,Catlins,Long_Point,MY13,NA,Chick,Breeding,Post-guard,U
S195,74.0,0.0,0.0,0.0,0.0,0.0,0.0,8.0,0.0,0.0,6.0,0.0,0.0,19.0,0.0,0.0,0.0,0.0,0.0,0.0,0.0,0.0,5.0,0.0,0.0,0.0,0.0,77.0,34.0,0.0,0.0,0.0,0.0,0.0,0.0,2809.0,223.0,0.0,19/12/16,Latrine,Catlins,Penguin_Bay,BB7,NA,Chick,Breeding,Post-guard,U
S196,105.0,0.0,338.0,0.0,0.0,120.0,0.0,0.0,0.0,0.0,0.0,0.0,0.0,4195.0,0.0,0.0,0.0,0.0,0.0,0.0,0.0,0.0,15.0,0.0,0.0,0.0,0.0,0.0,0.0,0.0,0.0,0.0,0.0,0.0,0.0,11968.0,0.0,0.0,13/12/16,Latrine,Otago_Peninsula,Aramoana,MY2,NA,Chick,Breeding,Post-guard,U
S197,583.0,0.0,0.0,0.0,0.0,0.0,0.0,0.0,0.0,0.0,0.0,0.0,0.0,0.0,0.0,0.0,0.0,0.0,0.0,0.0,0.0,0.0,501.0,0.0,0.0,0.0,0.0,0.0,79.0,0.0,0.0,0.0,0.0,0.0,0.0,3515.0,0.0,0.0,1/11/16,Latrine,Otago_Peninsula,Aramoana,MY1,NA,Chick,Breeding,Guard,U
S198,0.0,0.0,6112.0,0.0,0.0,251.0,0.0,0.0,0.0,0.0,0.0,0.0,0.0,508.0,0.0,0.0,0.0,0.0,0.0,0.0,0.0,0.0,20.0,0.0,0.0,0.0,0.0,37.0,371.0,0.0,0.0,0.0,0.0,0.0,59.0,12880.0,0.0,0.0,11/12/16,Latrine,Otago_Peninsula,Otapahi,OT3,NA,Chick,Breeding,Guard,U
S199,279.0,0.0,818.0,0.0,0.0,29.0,0.0,91.0,0.0,40.0,978.0,0.0,36.0,1458.0,0.0,0.0,0.0,0.0,0.0,0.0,0.0,0.0,0.0,0.0,0.0,0.0,0.0,2191.0,8335.0,0.0,0.0,0.0,12.0,0.0,0.0,2393.0,0.0,0.0,19/12/16,Latrine,Catlins,Hina_Hina_Cove,BB5,NA,Chick,Breeding,Post-guard,U
S2,93.0,0.0,18.0,0.0,0.0,0.0,0.0,0.0,0.0,0.0,0.0,0.0,0.0,0.0,0.0,0.0,0.0,0.0,128.0,0.0,0.0,0.0,57.0,0.0,0.0,0.0,0.0,0.0,64.0,0.0,0.0,0.0,0.0,0.0,0.0,8583.0,0.0,0.0,19/04/17,Latrine,North_Otago,Katiki_Point,NA,NA,Adult,Unknown,Post-moult,U
S20,3571.0,0.0,297.0,0.0,0.0,97.0,139.0,0.0,26.0,0.0,0.0,0.0,0.0,26.0,0.0,0.0,0.0,0.0,391.0,0.0,66.0,0.0,3911.0,0.0,0.0,0.0,0.0,0.0,320.0,0.0,0.0,1989.0,0.0,22.0,34.0,71061.0,0.0,0.0,19/04/17,Latrine,North_Otago,Katiki_Point,NA,NA,Adult,Unknown,Post-moult,U
S200,286.0,0.0,0.0,0.0,0.0,340.0,537.0,0.0,0.0,0.0,908.0,0.0,0.0,31.0,0.0,0.0,0.0,0.0,0.0,0.0,0.0,0.0,167.0,0.0,0.0,0.0,0.0,0.0,0.0,0.0,0.0,457.0,0.0,0.0,0.0,88.0,0.0,0.0,16/08/17,Latrine,Catlins,Long_Point,NA,NA,Adult,Unknown,Pre-egg,U
S202,0.0,0.0,0.0,0.0,0.0,20.0,0.0,23.0,0.0,0.0,16.0,0.0,0.0,498.0,7.0,0.0,0.0,0.0,22.0,0.0,0.0,0.0,0.0,0.0,0.0,0.0,0.0,830.0,4789.0,0.0,0.0,0.0,9.0,0.0,6.0,1413.0,47.0,0.0,19/12/16,Latrine,Catlins,Penguin_Bay,MEL1,NA,Chick,Breeding,Post-guard,U
S203,21.0,14.0,0.0,0.0,0.0,42.0,0.0,0.0,0.0,0.0,263.0,0.0,0.0,100.0,0.0,0.0,0.0,0.0,8.0,0.0,0.0,89.0,25.0,0.0,0.0,0.0,0.0,83.0,0.0,0.0,0.0,0.0,0.0,0.0,0.0,12944.0,0.0,0.0,21/11/16,Latrine,North_Otago,Bobby's_Head,TAV1,NA,Chick,Breeding,Guard,U
S204,970.0,0.0,36.0,0.0,0.0,75.0,0.0,0.0,0.0,0.0,0.0,0.0,0.0,10.0,0.0,0.0,0.0,0.0,0.0,0.0,0.0,0.0,64.0,0.0,0.0,0.0,0.0,0.0,0.0,0.0,0.0,0.0,0.0,0.0,0.0,15174.0,0.0,0.0,29/11/16,Latrine,Otago_Peninsula,Aramoana,MY2,NA,Chick,Breeding,Guard,U
S205,8.0,0.0,184.0,0.0,0.0,0.0,0.0,0.0,0.0,0.0,0.0,0.0,0.0,48.0,0.0,0.0,0.0,0.0,15.0,0.0,0.0,0.0,0.0,0.0,0.0,0.0,0.0,0.0,5.0,0.0,0.0,0.0,0.0,0.0,0.0,17500.0,0.0,0.0,26/01/17,Latrine,Otago_Peninsula,Otapahi,OT5,NA,Chick,Breeding,Post-guard,U
S207,8.0,0.0,79.0,0.0,0.0,37.0,0.0,0.0,0.0,0.0,0.0,0.0,0.0,76.0,0.0,0.0,0.0,0.0,15.0,0.0,0.0,0.0,16.0,0.0,0.0,0.0,0.0,0.0,12.0,0.0,0.0,0.0,102.0,0.0,18.0,13674.0,0.0,0.0,9/11/16,Latrine,Otago_Peninsula,Otapahi,OT4,NA,Chick,Breeding,Guard,U
S208,47.0,0.0,0.0,0.0,8.0,2915.0,355.0,0.0,0.0,0.0,0.0,0.0,0.0,37.0,0.0,0.0,96.0,0.0,0.0,0.0,0.0,0.0,0.0,0.0,0.0,0.0,0.0,0.0,65.0,0.0,0.0,0.0,0.0,0.0,0.0,6032.0,0.0,0.0,18/11/16,Latrine,Catlins,Nugget_Point,RR3,NA,Chick,Breeding,Guard,U
S21,1050.0,0.0,30.0,0.0,0.0,9.0,0.0,0.0,0.0,0.0,0.0,0.0,0.0,379.0,0.0,0.0,0.0,0.0,172.0,0.0,0.0,0.0,749.0,0.0,0.0,0.0,0.0,0.0,80.0,0.0,0.0,7.0,0.0,0.0,21.0,1935.0,106.0,0.0,9/02/17,Fresh,Catlins,Cosgrove_Creek,CCTW1,NA,Chick,Breeding,Post-guard,U
S210,54.0,0.0,318.0,0.0,0.0,0.0,0.0,0.0,0.0,0.0,0.0,0.0,0.0,10.0,0.0,0.0,0.0,0.0,0.0,0.0,0.0,0.0,47.0,0.0,0.0,0.0,0.0,0.0,0.0,0.0,0.0,0.0,0.0,0.0,0.0,21997.0,0.0,0.0,12/05/17,Fresh,Otago_Peninsula,Otapahi,NA,982000063620187,Adult,Non-breeding,Post-moult,M
S211,129.0,0.0,0.0,0.0,0.0,199.0,241.0,0.0,0.0,0.0,70.0,0.0,0.0,8878.0,0.0,0.0,0.0,0.0,85.0,0.0,0.0,0.0,117.0,0.0,0.0,0.0,10.0,0.0,0.0,0.0,0.0,0.0,0.0,0.0,0.0,180.0,0.0,0.0,16/08/17,Latrine,Catlins,Nugget_Point,NA,NA,Adult,Unknown,Pre-egg,U
S212,147.0,0.0,0.0,0.0,0.0,75.0,0.0,0.0,0.0,0.0,211.0,0.0,0.0,4299.0,0.0,0.0,0.0,0.0,46.0,0.0,0.0,0.0,152.0,0.0,0.0,0.0,0.0,0.0,0.0,0.0,0.0,0.0,0.0,0.0,0.0,301.0,0.0,0.0,16/08/17,Latrine,Catlins,Nugget_Point,NA,NA,Adult,Unknown,Pre-egg,U
S213,38.0,0.0,0.0,0.0,0.0,2531.0,60.0,0.0,0.0,0.0,17.0,0.0,0.0,4257.0,0.0,0.0,0.0,0.0,5.0,0.0,0.0,0.0,18.0,0.0,0.0,0.0,4.0,0.0,0.0,0.0,0.0,0.0,0.0,0.0,0.0,52.0,0.0,0.0,16/08/17,Latrine,Catlins,Nugget_Point,NA,NA,Adult,Unknown,Pre-egg,U
S214,266.0,0.0,0.0,0.0,0.0,661.0,0.0,0.0,0.0,0.0,15230.0,0.0,0.0,10.0,0.0,0.0,0.0,0.0,0.0,0.0,0.0,0.0,150.0,0.0,0.0,0.0,0.0,0.0,25.0,0.0,0.0,0.0,0.0,0.0,0.0,173.0,0.0,13.0,16/08/17,Latrine,Catlins,Nugget_Point,NA,NA,Adult,Unknown,Pre-egg,U
S215,120.0,0.0,0.0,0.0,0.0,0.0,0.0,0.0,0.0,0.0,0.0,0.0,0.0,0.0,0.0,0.0,0.0,0.0,0.0,0.0,0.0,0.0,82.0,0.0,0.0,0.0,0.0,0.0,0.0,0.0,0.0,0.0,0.0,0.0,192.0,447.0,2472.0,0.0,16/08/17,Latrine,Catlins,Nugget_Point,NA,NA,Adult,Unknown,Pre-egg,U
S216,87.0,0.0,0.0,0.0,0.0,2787.0,0.0,0.0,0.0,0.0,0.0,0.0,0.0,5636.0,0.0,0.0,0.0,0.0,0.0,0.0,0.0,0.0,54.0,0.0,0.0,0.0,0.0,0.0,1346.0,0.0,0.0,0.0,0.0,0.0,0.0,1847.0,0.0,0.0,16/08/17,Latrine,Catlins,Nugget_Point,NA,NA,Adult,Unknown,Pre-egg,U
S217,2.0,0.0,0.0,0.0,0.0,8535.0,41.0,0.0,0.0,0.0,18529.0,0.0,0.0,0.0,0.0,0.0,0.0,0.0,0.0,0.0,0.0,0.0,7.0,0.0,0.0,0.0,0.0,0.0,0.0,0.0,0.0,0.0,0.0,0.0,0.0,10.0,0.0,0.0,16/08/17,Latrine,Catlins,Nugget_Point,NA,NA,Adult,Unknown,Pre-egg,U
S218,44.0,0.0,0.0,0.0,0.0,7737.0,0.0,0.0,0.0,0.0,719.0,0.0,0.0,6877.0,0.0,0.0,0.0,0.0,0.0,0.0,0.0,0.0,15.0,0.0,0.0,0.0,0.0,0.0,5.0,0.0,0.0,0.0,0.0,0.0,0.0,8047.0,0.0,0.0,16/08/17,Latrine,Catlins,Nugget_Point,NA,NA,Adult,Unknown,Pre-egg,U
S219,23.0,0.0,0.0,0.0,0.0,0.0,0.0,0.0,0.0,0.0,5.0,0.0,0.0,670.0,0.0,0.0,0.0,0.0,0.0,0.0,0.0,0.0,5.0,0.0,0.0,0.0,0.0,0.0,0.0,0.0,0.0,48.0,0.0,0.0,0.0,17037.0,0.0,0.0,16/08/17,Latrine,Catlins,Nugget_Point,NA,NA,Adult,Unknown,Pre-egg,U
S22,1120.0,0.0,0.0,0.0,0.0,1166.0,0.0,0.0,0.0,0.0,0.0,0.0,0.0,0.0,0.0,0.0,0.0,0.0,451.0,0.0,0.0,11.0,0.0,0.0,0.0,0.0,7.0,0.0,16.0,0.0,0.0,0.0,0.0,0.0,0.0,12935.0,0.0,0.0,30/04/17,Fresh,Otago_Peninsula,Aramoana,MY2,982000365942048,Adult,Breeding,Post-moult,M
S220,4085.0,0.0,0.0,0.0,0.0,0.0,0.0,0.0,0.0,0.0,0.0,0.0,0.0,0.0,0.0,0.0,0.0,0.0,3.0,0.0,0.0,0.0,0.0,0.0,0.0,0.0,0.0,0.0,0.0,0.0,0.0,0.0,0.0,0.0,79.0,2644.0,0.0,0.0,16/08/17,Latrine,Catlins,Nugget_Point,NA,NA,Adult,Unknown,Pre-egg,U
S23,72.0,0.0,0.0,0.0,0.0,0.0,0.0,0.0,0.0,0.0,0.0,0.0,0.0,21.0,0.0,0.0,0.0,0.0,134.0,0.0,0.0,0.0,0.0,0.0,0.0,0.0,0.0,0.0,214.0,0.0,0.0,0.0,0.0,0.0,0.0,14692.0,0.0,0.0,19/04/17,Latrine,North_Otago,Katiki_Point,NA,NA,Adult,Unknown,Post-moult,U
S24,1736.0,0.0,96.0,0.0,0.0,97.0,0.0,0.0,0.0,0.0,0.0,0.0,0.0,167.0,0.0,0.0,0.0,0.0,610.0,0.0,77.0,0.0,1421.0,0.0,0.0,0.0,0.0,0.0,0.0,0.0,0.0,0.0,0.0,0.0,0.0,2311.0,0.0,0.0,26/01/17,Fresh,Otago_Peninsula,Otapahi,OT3,NA,Chick,Breeding,Post-guard,U
S25,226.0,0.0,7.0,0.0,0.0,0.0,0.0,0.0,0.0,0.0,0.0,0.0,0.0,13.0,0.0,0.0,0.0,0.0,67.0,0.0,0.0,0.0,194.0,0.0,0.0,0.0,0.0,0.0,4.0,0.0,0.0,0.0,0.0,0.0,0.0,11910.0,0.0,0.0,19/04/17,Latrine,North_Otago,Katiki_Point,NA,NA,Adult,Unknown,Post-moult,U
S27,76.0,2143.0,16.0,0.0,0.0,0.0,0.0,0.0,0.0,0.0,0.0,0.0,0.0,0.0,0.0,0.0,0.0,0.0,112.0,0.0,0.0,0.0,86.0,0.0,0.0,0.0,0.0,0.0,0.0,0.0,0.0,0.0,0.0,0.0,0.0,7973.0,0.0,0.0,19/04/17,Fresh,North_Otago,Bobby's_Head,NA,982000405533753,Adult,Non-breeding,Post-moult,M
S29,119.0,0.0,0.0,0.0,0.0,0.0,0.0,0.0,0.0,0.0,0.0,0.0,0.0,0.0,0.0,0.0,0.0,0.0,17.0,0.0,0.0,0.0,20.0,0.0,0.0,0.0,0.0,0.0,44.0,0.0,0.0,20.0,0.0,0.0,0.0,13796.0,0.0,0.0,16/02/17,Fresh,Otago_Peninsula,Otapahi,OT3,NA,Chick,Breeding,Post-guard,U
S3,955.0,112.0,492.0,0.0,0.0,165.0,0.0,0.0,0.0,0.0,0.0,0.0,0.0,0.0,0.0,0.0,0.0,107.0,1141.0,0.0,0.0,0.0,540.0,0.0,0.0,0.0,0.0,0.0,0.0,0.0,0.0,0.0,0.0,0.0,0.0,2328.0,0.0,0.0,20/04/17,Fresh,North_Otago,Bobby's_Head,NA,982000405533753,Adult,Non-breeding,Post-moult,M
S30,608.0,0.0,8.0,0.0,0.0,0.0,0.0,0.0,158.0,0.0,0.0,0.0,0.0,0.0,0.0,0.0,0.0,0.0,867.0,0.0,149.0,0.0,656.0,0.0,0.0,0.0,0.0,0.0,84.0,0.0,0.0,0.0,0.0,0.0,0.0,675.0,0.0,0.0,16/02/17,Fresh,Otago_Peninsula,Otapahi,OT3,NA,Chick,Breeding,Post-guard,U
S31,70.0,0.0,2015.0,0.0,0.0,71.0,0.0,0.0,0.0,0.0,0.0,0.0,0.0,0.0,0.0,0.0,0.0,0.0,94.0,0.0,0.0,0.0,112.0,0.0,193.0,0.0,321.0,0.0,84.0,0.0,0.0,0.0,0.0,911.0,0.0,10779.0,0.0,0.0,18/12/16,Latrine,Otago_Peninsula,Otapahi,OT4,NA,Adult,Breeding,Post-guard,U
S32,1386.0,0.0,308.0,0.0,0.0,0.0,0.0,0.0,0.0,0.0,0.0,0.0,0.0,0.0,0.0,0.0,0.0,0.0,8504.0,0.0,380.0,0.0,276.0,0.0,0.0,0.0,0.0,0.0,0.0,0.0,0.0,176.0,0.0,0.0,0.0,1554.0,0.0,0.0,8/05/17,Fresh,Otago_Peninsula,Victory_Beach,NA,982000405534107,Adult,Non-breeding,Post-moult,M
S34,1607.0,36.0,155.0,0.0,0.0,0.0,66.0,0.0,24.0,0.0,0.0,0.0,0.0,0.0,0.0,0.0,0.0,0.0,5730.0,0.0,266.0,0.0,648.0,0.0,0.0,0.0,0.0,0.0,24.0,0.0,0.0,0.0,0.0,0.0,0.0,2415.0,0.0,0.0,27/05/17,Latrine,North_Otago,Bushy_Beach,NA,NA,Adult,Unknown,Post-moult,U
S35,1869.0,0.0,0.0,0.0,0.0,0.0,0.0,0.0,0.0,0.0,0.0,0.0,0.0,608.0,0.0,0.0,0.0,0.0,0.0,0.0,0.0,0.0,1172.0,0.0,0.0,0.0,0.0,0.0,111.0,0.0,0.0,0.0,53.0,10.0,0.0,3793.0,0.0,0.0,9/11/16,Latrine,Otago_Peninsula,Victory_Beach,OKS1,NA,Adult,Breeding,Guard,U
S36,1995.0,0.0,176.0,0.0,0.0,5.0,0.0,0.0,0.0,0.0,0.0,0.0,0.0,0.0,0.0,0.0,0.0,0.0,91.0,0.0,0.0,0.0,972.0,0.0,0.0,0.0,0.0,0.0,6.0,0.0,0.0,0.0,0.0,0.0,0.0,5258.0,0.0,0.0,11/12/16,Latrine,Otago_Peninsula,Otapahi,OT4,NA,Adult,Breeding,Guard,U
S37,3773.0,0.0,0.0,0.0,0.0,266.0,71.0,0.0,0.0,0.0,0.0,0.0,0.0,0.0,0.0,0.0,0.0,0.0,0.0,0.0,0.0,0.0,2304.0,0.0,0.0,0.0,0.0,0.0,38.0,0.0,0.0,0.0,0.0,0.0,0.0,6297.0,0.0,0.0,17/11/16,Latrine,Otago_Peninsula,Otapahi,OT6,NA,Adult,Breeding,Post-guard,U
S38,3523.0,0.0,99.0,0.0,0.0,79.0,0.0,0.0,0.0,0.0,0.0,0.0,0.0,0.0,0.0,4.0,0.0,0.0,95.0,0.0,0.0,0.0,2721.0,0.0,0.0,0.0,0.0,0.0,115.0,0.0,0.0,0.0,0.0,93.0,0.0,6160.0,0.0,0.0,17/12/16,Latrine,Catlins,Nugget_Point,SQP2,NA,Adult,Breeding,Guard,U
S39,1665.0,0.0,0.0,0.0,0.0,0.0,0.0,336.0,0.0,0.0,1311.0,0.0,64.0,2571.0,31.0,0.0,0.0,0.0,116.0,0.0,0.0,29.0,77.0,0.0,0.0,0.0,0.0,4647.0,15343.0,155.0,378.0,0.0,0.0,0.0,0.0,2317.0,0.0,0.0,19/12/16,Latrine,Catlins,Hina_Hina_Cove,BB5,NA,Adult,Breeding,Post-guard,U
S40,3288.0,0.0,306.0,0.0,0.0,0.0,0.0,0.0,0.0,0.0,0.0,0.0,0.0,0.0,0.0,0.0,0.0,0.0,329.0,0.0,0.0,0.0,2564.0,0.0,0.0,0.0,0.0,0.0,0.0,0.0,0.0,0.0,0.0,0.0,0.0,5704.0,0.0,0.0,18/12/16,Latrine,North_Otago,Katiki_Point,KP93,NA,Adult,Breeding,Post-guard,U
S41,451.0,0.0,23.0,0.0,0.0,0.0,0.0,0.0,0.0,0.0,0.0,0.0,0.0,0.0,0.0,0.0,0.0,0.0,23.0,0.0,0.0,0.0,237.0,0.0,0.0,0.0,0.0,0.0,40.0,0.0,0.0,0.0,0.0,0.0,0.0,1701.0,0.0,0.0,18/12/16,Latrine,Otago_Peninsula,Otapahi,OT4,NA,Adult,Breeding,Post-guard,U
S43,1194.0,0.0,257.0,0.0,0.0,0.0,0.0,0.0,0.0,0.0,0.0,0.0,0.0,3.0,0.0,0.0,0.0,0.0,555.0,0.0,0.0,0.0,1315.0,0.0,0.0,0.0,0.0,0.0,0.0,0.0,0.0,0.0,0.0,0.0,0.0,3174.0,0.0,0.0,9/06/17,Fresh,Catlins,Long_Point,NA,982000033460940,Adult,Non-breeding,Post-moult,M
S44,43.0,0.0,5648.0,0.0,0.0,0.0,4.0,0.0,0.0,0.0,0.0,0.0,0.0,0.0,0.0,0.0,0.0,0.0,0.0,0.0,0.0,0.0,68.0,0.0,0.0,0.0,21.0,0.0,0.0,0.0,0.0,0.0,0.0,0.0,0.0,11321.0,0.0,0.0,27/05/17,Fresh,North_Otago,Bushy_Beach,NA,982000405533525,Adult,Non-breeding,Post-moult,M
S45,472.0,0.0,6.0,0.0,0.0,0.0,12.0,0.0,0.0,0.0,7.0,0.0,0.0,26.0,0.0,0.0,0.0,0.0,18.0,0.0,0.0,0.0,375.0,0.0,0.0,0.0,0.0,0.0,6.0,0.0,0.0,0.0,0.0,29.0,7.0,9472.0,0.0,0.0,9/11/16,Latrine,Otago_Peninsula,Otapahi,OT4,NA,Adult,Breeding,Guard,U
S46,1839.0,0.0,33.0,0.0,0.0,0.0,30.0,0.0,0.0,0.0,0.0,0.0,0.0,554.0,0.0,0.0,0.0,0.0,86.0,0.0,0.0,0.0,1176.0,0.0,0.0,0.0,0.0,0.0,0.0,0.0,0.0,0.0,0.0,0.0,0.0,4689.0,0.0,0.0,18/11/16,Latrine,Catlins,Nugget_Point,CP3,NA,Adult,Breeding,Guard,U
S47,1315.0,0.0,0.0,0.0,0.0,0.0,0.0,0.0,0.0,0.0,0.0,0.0,0.0,0.0,0.0,0.0,0.0,0.0,0.0,0.0,0.0,0.0,24.0,0.0,0.0,0.0,0.0,0.0,0.0,0.0,0.0,0.0,0.0,0.0,0.0,2754.0,0.0,0.0,9/06/17,Latrine,Catlins,Long_Point,NA,NA,Adult,Unknown,Post-moult,U
S48,998.0,0.0,0.0,0.0,0.0,13.0,0.0,0.0,0.0,0.0,0.0,0.0,0.0,0.0,0.0,0.0,0.0,0.0,36.0,0.0,0.0,0.0,708.0,0.0,0.0,0.0,0.0,0.0,85.0,0.0,0.0,0.0,64.0,0.0,0.0,9978.0,0.0,0.0,26/11/17,Latrine,North_Otago,Katiki_Point,KP28,NA,Adult,Breeding,Guard,U
S49,494.0,0.0,386.0,0.0,0.0,84.0,0.0,0.0,0.0,0.0,0.0,0.0,0.0,21.0,0.0,0.0,0.0,0.0,7.0,0.0,0.0,0.0,350.0,0.0,0.0,0.0,0.0,0.0,0.0,0.0,0.0,0.0,0.0,0.0,0.0,10464.0,0.0,0.0,13/11/16,Latrine,Otago_Peninsula,Aramoana,MY2,NA,Adult,Breeding,Guard,U
S5,0.0,18.0,0.0,0.0,0.0,71.0,0.0,0.0,0.0,0.0,0.0,0.0,0.0,967.0,0.0,0.0,0.0,0.0,95.0,0.0,0.0,0.0,96.0,46.0,0.0,0.0,0.0,0.0,7280.0,0.0,0.0,13.0,0.0,0.0,0.0,244.0,0.0,0.0,2/02/17,Fresh,Catlins,Hina_Hina_Cove,NA,982000033464096,Adult,Non-breeding,Pre-moult,M
S50,470.0,0.0,7.0,0.0,0.0,0.0,38.0,3.0,0.0,0.0,0.0,0.0,0.0,0.0,0.0,0.0,0.0,0.0,31.0,0.0,0.0,0.0,433.0,0.0,0.0,0.0,0.0,0.0,19.0,0.0,0.0,0.0,0.0,9.0,0.0,3273.0,0.0,0.0,17/11/16,Latrine,Otago_Peninsula,Otapahi,OT3,NA,Adult,Breeding,Guard,U
S52,1902.0,0.0,76.0,0.0,0.0,41.0,0.0,0.0,0.0,0.0,0.0,0.0,0.0,0.0,0.0,0.0,0.0,0.0,134.0,0.0,0.0,0.0,1691.0,0.0,0.0,0.0,0.0,0.0,0.0,0.0,0.0,28.0,0.0,56.0,0.0,3754.0,0.0,0.0,17/11/16,Latrine,North_Otago,Bobby's_Head,TAV1,NA,Adult,Breeding,Guard,U
S53,413.0,0.0,24.0,0.0,0.0,0.0,0.0,0.0,0.0,0.0,0.0,0.0,0.0,98.0,0.0,0.0,0.0,0.0,21.0,0.0,0.0,0.0,333.0,0.0,0.0,0.0,0.0,0.0,4.0,0.0,0.0,13.0,23.0,13.0,0.0,1901.0,0.0,0.0,2/11/16,Latrine,Otago_Peninsula,Sandymount,JW2,NA,Adult,Breeding,Incubation,U
S55,3880.0,0.0,133.0,0.0,0.0,0.0,226.0,0.0,0.0,0.0,0.0,0.0,0.0,0.0,0.0,0.0,0.0,143.0,276.0,0.0,0.0,0.0,2658.0,0.0,0.0,0.0,0.0,0.0,0.0,0.0,0.0,0.0,0.0,62.0,0.0,7357.0,0.0,0.0,18/12/16,Latrine,North_Otago,Katiki_Point,KP28,NA,Adult,Breeding,Post-guard,U
S56,219.0,0.0,0.0,0.0,0.0,11.0,0.0,0.0,0.0,0.0,0.0,0.0,0.0,0.0,10.0,0.0,0.0,0.0,10033.0,0.0,439.0,0.0,80.0,0.0,0.0,0.0,0.0,0.0,49.0,0.0,0.0,18.0,0.0,0.0,0.0,485.0,0.0,0.0,18/06/17,Fresh,Catlins,Penguin_Bay,RR5,982000365999698,Adult,Breeding,Post-moult,F
S57,1238.0,0.0,0.0,0.0,0.0,0.0,10.0,0.0,0.0,0.0,0.0,0.0,0.0,14.0,0.0,0.0,93.0,0.0,44.0,0.0,0.0,0.0,503.0,0.0,0.0,0.0,0.0,0.0,3.0,0.0,0.0,15.0,38.0,32.0,123.0,8282.0,0.0,0.0,1/11/16,Latrine,North_Otago,Katiki_Point,KP93,NA,Adult,Breeding,Incubation,U
S58,891.0,0.0,55.0,0.0,0.0,103.0,0.0,0.0,0.0,0.0,0.0,0.0,0.0,14.0,0.0,0.0,0.0,0.0,63.0,0.0,0.0,0.0,570.0,0.0,0.0,0.0,0.0,0.0,40.0,0.0,0.0,0.0,0.0,0.0,0.0,7780.0,0.0,0.0,17/11/16,Latrine,Otago_Peninsula,Otapahi,OT4,NA,Adult,Breeding,Guard,U
S6,20.0,0.0,0.0,0.0,0.0,0.0,0.0,0.0,39.0,0.0,0.0,0.0,0.0,25.0,0.0,0.0,0.0,0.0,0.0,0.0,0.0,0.0,20.0,0.0,0.0,0.0,0.0,0.0,15347.0,0.0,0.0,0.0,0.0,0.0,0.0,35.0,0.0,0.0,1/02/17,Fresh,Catlins,Penguin_Bay,MEL1,NA,Chick,Breeding,Post-guard,U
S60,196.0,0.0,34.0,0.0,0.0,20.0,0.0,0.0,0.0,0.0,0.0,0.0,0.0,14.0,0.0,0.0,0.0,0.0,9.0,0.0,0.0,0.0,171.0,0.0,0.0,0.0,0.0,0.0,0.0,0.0,0.0,0.0,0.0,0.0,0.0,9036.0,0.0,0.0,11/12/16,Latrine,Otago_Peninsula,Sandymount,JW1,NA,Adult,Breeding,Guard,U
S61,54.0,0.0,0.0,0.0,0.0,0.0,0.0,0.0,0.0,0.0,0.0,0.0,0.0,5.0,0.0,0.0,0.0,0.0,0.0,0.0,0.0,0.0,0.0,0.0,0.0,0.0,0.0,0.0,187.0,0.0,0.0,0.0,0.0,0.0,25.0,5241.0,0.0,0.0,7/06/17,Latrine,Catlins,Penguin_Bay,NA,NA,Adult,Unknown,Post-moult,U
S62,0.0,15.0,0.0,0.0,0.0,0.0,0.0,0.0,0.0,0.0,0.0,0.0,0.0,0.0,0.0,0.0,0.0,0.0,0.0,0.0,0.0,0.0,0.0,0.0,0.0,0.0,0.0,0.0,240.0,0.0,0.0,0.0,0.0,0.0,0.0,27409.0,0.0,0.0,6/06/17,Latrine,Catlins,Nugget_Point,NA,NA,Adult,Unknown,Post-moult,U
S63,3646.0,0.0,78.0,0.0,0.0,0.0,0.0,0.0,0.0,0.0,0.0,0.0,0.0,70.0,0.0,0.0,0.0,0.0,0.0,0.0,0.0,0.0,1363.0,0.0,0.0,0.0,38.0,0.0,133.0,0.0,0.0,0.0,26.0,0.0,0.0,9261.0,0.0,0.0,28/11/16,Latrine,Otago_Peninsula,Otapahi,OT4,NA,Adult,Breeding,Guard,U
S64,507.0,0.0,118.0,0.0,0.0,0.0,0.0,0.0,0.0,0.0,0.0,0.0,0.0,47.0,0.0,0.0,0.0,0.0,35.0,0.0,0.0,0.0,340.0,0.0,0.0,0.0,0.0,0.0,34.0,0.0,0.0,0.0,0.0,16.0,0.0,26208.0,0.0,0.0,26/01/17,Latrine,Otago_Peninsula,Otapahi,OT5,NA,Adult,Breeding,Post-guard,U
S65,1423.0,0.0,17.0,0.0,0.0,103.0,80.0,0.0,0.0,0.0,0.0,0.0,0.0,0.0,0.0,0.0,0.0,0.0,119.0,0.0,0.0,0.0,950.0,0.0,0.0,0.0,0.0,0.0,79.0,0.0,0.0,0.0,0.0,0.0,0.0,4118.0,0.0,0.0,18/12/16,Latrine,Catlins,Nugget_Point,RR3,NA,Adult,Breeding,Guard,U
S66,169.0,0.0,81.0,0.0,0.0,16.0,0.0,160.0,0.0,0.0,5.0,0.0,0.0,263.0,7.0,0.0,0.0,0.0,6.0,0.0,0.0,0.0,0.0,0.0,0.0,0.0,0.0,1070.0,1023.0,0.0,0.0,0.0,0.0,0.0,0.0,12778.0,0.0,0.0,10/12/16,Latrine,Catlins,Hina_Hina_Cove,BB5,NA,Adult,Breeding,Guard,U
S69,80.0,0.0,48.0,0.0,0.0,0.0,0.0,0.0,0.0,0.0,0.0,0.0,0.0,286.0,0.0,0.0,0.0,0.0,79.0,0.0,0.0,0.0,142.0,0.0,0.0,0.0,0.0,0.0,391.0,0.0,0.0,0.0,7.0,0.0,0.0,4227.0,0.0,5.0,12/11/16,Latrine,Catlins,Penguin_Bay,SQP6,NA,Chick,Breeding,Guard,U
S7,349.0,0.0,107.0,0.0,0.0,0.0,0.0,0.0,0.0,0.0,0.0,0.0,0.0,0.0,0.0,0.0,0.0,0.0,49.0,0.0,0.0,0.0,164.0,0.0,0.0,0.0,81.0,0.0,120.0,0.0,0.0,0.0,0.0,0.0,0.0,12675.0,0.0,0.0,19/04/17,Latrine,North_Otago,Okahau_Point,NA,NA,Adult,Unknown,Post-moult,U
S70,399.0,0.0,0.0,0.0,0.0,195.0,0.0,0.0,0.0,0.0,0.0,0.0,0.0,62.0,0.0,0.0,0.0,0.0,0.0,0.0,0.0,0.0,206.0,67.0,0.0,0.0,0.0,0.0,50.0,0.0,0.0,0.0,0.0,0.0,24.0,8905.0,0.0,0.0,18/06/17,Fresh,Catlins,Penguin_Bay,NA,982000063604063,Adult,Non-breeding,Post-moult,F
S73,74.0,0.0,0.0,0.0,0.0,0.0,0.0,0.0,0.0,0.0,0.0,0.0,0.0,56.0,0.0,0.0,0.0,0.0,45.0,0.0,0.0,0.0,38.0,0.0,0.0,0.0,0.0,0.0,0.0,0.0,0.0,0.0,186.0,0.0,0.0,18852.0,0.0,17.0,1/11/16,Latrine,North_Otago,Katiki_Point,KP28,NA,Chick,Breeding,Guard,U
S75,0.0,0.0,0.0,0.0,0.0,25.0,0.0,0.0,0.0,0.0,0.0,0.0,0.0,48.0,0.0,0.0,0.0,0.0,0.0,0.0,0.0,0.0,30.0,0.0,0.0,0.0,0.0,193.0,575.0,0.0,0.0,0.0,0.0,0.0,0.0,10676.0,0.0,0.0,17/12/16,Latrine,Catlins,Nugget_Point,SQP2,NA,Chick,Breeding,Post-guard,U
S76,149.0,0.0,0.0,0.0,0.0,0.0,0.0,36.0,0.0,0.0,83.0,0.0,0.0,571.0,0.0,0.0,0.0,0.0,209.0,0.0,0.0,0.0,151.0,0.0,0.0,0.0,0.0,77.0,1620.0,0.0,0.0,0.0,0.0,0.0,0.0,158.0,0.0,0.0,17/12/16,Latrine,Catlins,Long_Point,MY14,NA,Chick,Breeding,Post-guard,U
S79,21.0,0.0,0.0,0.0,0.0,944.0,0.0,0.0,0.0,0.0,400.0,0.0,0.0,36.0,0.0,0.0,0.0,0.0,227.0,0.0,0.0,0.0,0.0,0.0,0.0,0.0,0.0,0.0,4848.0,0.0,0.0,0.0,0.0,0.0,0.0,6.0,0.0,0.0,16/08/17,Latrine,Catlins,Long_Point,NA,NA,Adult,Unknown,Pre-egg,U
S8,798.0,0.0,0.0,0.0,0.0,0.0,0.0,0.0,0.0,0.0,0.0,0.0,0.0,0.0,0.0,0.0,0.0,0.0,4072.0,0.0,0.0,0.0,666.0,0.0,0.0,0.0,0.0,0.0,0.0,0.0,0.0,0.0,0.0,0.0,0.0,2242.0,0.0,0.0,18/05/17,Fresh,Otago_Peninsula,Otapahi,OT3,19893,Adult,Breeding,Post-moult,M
S80,1818.0,0.0,0.0,0.0,0.0,12.0,0.0,0.0,0.0,0.0,0.0,0.0,0.0,52.0,0.0,0.0,0.0,0.0,0.0,0.0,0.0,0.0,0.0,0.0,0.0,0.0,0.0,0.0,939.0,0.0,0.0,0.0,15.0,0.0,0.0,10191.0,0.0,0.0,28/11/16,Latrine,Otago_Peninsula,Otapahi,OT4,NA,Chick,Breeding,Guard,U
S82,547.0,0.0,0.0,0.0,0.0,27.0,0.0,0.0,0.0,0.0,0.0,0.0,0.0,421.0,0.0,0.0,0.0,0.0,16.0,0.0,0.0,0.0,0.0,0.0,0.0,0.0,34.0,0.0,25.0,0.0,0.0,0.0,64.0,0.0,113.0,2631.0,0.0,0.0,16/08/17,Latrine,Catlins,Long_Point,NA,NA,Adult,Unknown,Pre-egg,U
S83,875.0,66.0,0.0,0.0,0.0,52.0,247.0,0.0,0.0,0.0,0.0,0.0,0.0,0.0,0.0,0.0,0.0,0.0,23.0,0.0,0.0,0.0,48.0,0.0,0.0,0.0,0.0,0.0,85.0,0.0,0.0,0.0,164.0,0.0,0.0,11357.0,0.0,0.0,26/11/16,Latrine,North_Otago,Katiki_Point,KP93,NA,Chick,Breeding,Guard,U
S84,399.0,0.0,0.0,0.0,0.0,159.0,0.0,0.0,0.0,0.0,148.0,0.0,0.0,117.0,0.0,0.0,0.0,0.0,0.0,0.0,0.0,0.0,319.0,0.0,0.0,0.0,0.0,104.0,121.0,0.0,0.0,0.0,0.0,0.0,0.0,12082.0,0.0,0.0,18/12/16,Latrine,Otago_Peninsula,Aramoana,MY2,NA,Chick,Breeding,Post-guard,U
S86,32.0,0.0,2639.0,0.0,0.0,1476.0,0.0,0.0,0.0,0.0,0.0,0.0,0.0,430.0,0.0,0.0,0.0,0.0,15.0,0.0,0.0,5.0,30.0,0.0,0.0,0.0,0.0,0.0,438.0,0.0,0.0,0.0,0.0,0.0,0.0,168496.0,0.0,0.0,11/12/16,Latrine,Otago_Peninsula,Sandymount,JW1,NA,Chick,Breeding,Post-guard,U
S87,1392.0,0.0,0.0,0.0,0.0,1318.0,0.0,0.0,0.0,0.0,0.0,0.0,0.0,234.0,0.0,0.0,0.0,0.0,2855.0,215.0,285.0,0.0,555.0,0.0,0.0,0.0,0.0,0.0,135.0,0.0,0.0,0.0,0.0,0.0,0.0,1658.0,0.0,0.0,16/08/17,Latrine,Catlins,Long_Point,NA,NA,Adult,Unknown,Pre-egg,U
S88,18.0,0.0,63.0,0.0,0.0,35.0,0.0,0.0,0.0,0.0,13.0,0.0,0.0,293.0,4.0,0.0,0.0,0.0,0.0,0.0,0.0,0.0,37.0,0.0,0.0,0.0,0.0,0.0,73.0,0.0,0.0,0.0,9.0,0.0,0.0,1483.0,0.0,0.0,10/12/16,Latrine,Catlins,Penguin_Bay,SQP5,NA,Chick,Breeding,Post-guard,U
S89,154.0,0.0,0.0,0.0,0.0,77.0,0.0,0.0,0.0,0.0,0.0,0.0,0.0,0.0,0.0,0.0,0.0,0.0,27.0,0.0,0.0,0.0,75.0,0.0,0.0,0.0,0.0,0.0,0.0,0.0,0.0,0.0,0.0,0.0,0.0,3209.0,0.0,0.0,15/11/16,Latrine,North_Otago,Katiki_Point,KP93,NA,Chick,Breeding,Guard,U
S9,1342.0,0.0,0.0,0.0,0.0,0.0,0.0,0.0,0.0,0.0,0.0,0.0,0.0,0.0,0.0,0.0,0.0,0.0,915.0,0.0,337.0,0.0,2110.0,0.0,0.0,0.0,0.0,0.0,0.0,0.0,0.0,491.0,0.0,0.0,0.0,2714.0,0.0,0.0,18/05/17,Fresh,Otago_Peninsula,Otapahi,OT4,982000063621423,Adult,Breeding,Post-moult,M
S91,1067.0,0.0,0.0,0.0,0.0,0.0,0.0,0.0,0.0,0.0,0.0,0.0,0.0,0.0,0.0,0.0,0.0,0.0,165.0,0.0,0.0,0.0,607.0,0.0,0.0,0.0,0.0,0.0,0.0,0.0,0.0,0.0,0.0,0.0,0.0,10750.0,0.0,0.0,16/08/17,Latrine,Catlins,Nugget_Point,NA,NA,Adult,Unknown,Pre-egg,U
S92,858.0,0.0,0.0,0.0,0.0,85.0,0.0,0.0,0.0,0.0,0.0,0.0,0.0,1411.0,0.0,0.0,0.0,0.0,165.0,0.0,0.0,0.0,538.0,0.0,0.0,0.0,0.0,0.0,0.0,0.0,0.0,0.0,0.0,0.0,0.0,775.0,0.0,0.0,16/08/17,Latrine,Catlins,Nugget_Point,NA,NA,Adult,Unknown,Pre-egg,U
S93,6.0,0.0,25.0,0.0,0.0,16.0,0.0,0.0,0.0,0.0,0.0,0.0,0.0,31.0,0.0,0.0,0.0,0.0,151.0,0.0,0.0,4.0,33.0,0.0,0.0,0.0,0.0,0.0,203.0,0.0,0.0,0.0,0.0,0.0,0.0,15143.0,569.0,0.0,16/02/17,Fresh,Otago_Peninsula,O,OT3,NA,Chick,Breeding,Post-guard,U
S94,37.0,0.0,10.0,0.0,0.0,0.0,0.0,0.0,0.0,0.0,0.0,0.0,0.0,12.0,0.0,0.0,0.0,0.0,127.0,0.0,0.0,24.0,37.0,0.0,0.0,0.0,0.0,0.0,0.0,0.0,0.0,5.0,0.0,12.0,0.0,21260.0,0.0,0.0,19/04/17,Latrine,North_Otago,Katiki_Point,NA,NA,Adult,Unknown,Post-moult,U
S96,15.0,0.0,0.0,0.0,0.0,0.0,0.0,0.0,0.0,0.0,0.0,0.0,0.0,0.0,0.0,0.0,0.0,0.0,13.0,0.0,0.0,0.0,0.0,0.0,0.0,58.0,0.0,0.0,59.0,0.0,0.0,0.0,0.0,0.0,6.0,9662.0,0.0,0.0,25/04/17,Latrine,Otago_Peninsula,Aramoana,NA,19831,Adult,Non-breeding,Post-moult,M
S97,43.0,0.0,0.0,0.0,0.0,9.0,0.0,0.0,0.0,0.0,0.0,0.0,0.0,10.0,0.0,3.0,0.0,0.0,7.0,0.0,0.0,11.0,23.0,0.0,0.0,0.0,0.0,0.0,0.0,0.0,0.0,6.0,0.0,17.0,0.0,10267.0,0.0,0.0,19/04/17,Latrine,North_Otago,Okahau_Point,NA,NA,Adult,Unknown,Post-moult,U
S98,13.0,0.0,34.0,0.0,0.0,91.0,0.0,0.0,0.0,0.0,0.0,0.0,0.0,52.0,0.0,0.0,0.0,0.0,35.0,0.0,0.0,0.0,13.0,0.0,0.0,0.0,0.0,0.0,6.0,0.0,0.0,0.0,0.0,0.0,0.0,9796.0,0.0,0.0,27/01/17,Fresh,Otago_Peninsula,Double_Bay,TT6,NA,Chick,Breeding,Post-guard,U
S99,1145.0,0.0,665.0,0.0,0.0,0.0,0.0,0.0,0.0,0.0,0.0,0.0,0.0,60.0,0.0,0.0,0.0,0.0,1136.0,0.0,0.0,0.0,633.0,101.0,0.0,0.0,0.0,0.0,153.0,0.0,0.0,0.0,0.0,0.0,0.0,1675.0,0.0,0.0,10/12/16,Latrine,Catlins,Nugget_Point,RR3,NA,Chick,Breeding,Guard,U
